[{"model": "wagtailsearch.sqliteftsindexentry", "pk": 1, "fields": {"autocomplete": "Digital Stewards Training", "title": "Digital Stewards Training", "body": ""}}, {"model": "wagtailsearch.sqliteftsindexentry", "pk": 2, "fields": {"autocomplete": "Welcome and Orientation", "title": "Welcome and Orientation", "body": ""}}, {"model": "wagtailsearch.sqliteftsindexentry", "pk": 3, "fields": {"autocomplete": "Welcome to the Digital Stewards training!", "title": "Welcome to the Digital Stewards training!", "body": ""}}, {"model": "wagtailsearch.sqliteftsindexentry", "pk": 4, "fields": {"autocomplete": "Welcome to the Digital Stewards training!", "title": "Welcome to the Digital Stewards training!", "body": ""}}, {"model": "wagtailsearch.sqliteftsindexentry", "pk": 5, "fields": {"autocomplete": "An Introduction to Digital Stewardship and EII", "title": "An Introduction to Digital Stewardship and EII", "body": ""}}, {"model": "wagtailsearch.sqliteftsindexentry", "pk": 6, "fields": {"autocomplete": "Milestone Survey", "title": "Milestone Survey", "body": ""}}, {"model": "wagtailsearch.sqliteftsindexentry", "pk": 7, "fields": {"autocomplete": "4 Square Activity", "title": "4 Square Activity", "body": ""}}, {"model": "wagtailcore.site", "pk": 2, "fields": {"hostname": "localhost", "port": 80, "site_name": "", "root_page": 3, "is_default_site": true}}, {"model": "wagtailcore.collection", "pk": 1, "fields": {"path": "0001", "depth": 1, "numchild": 0, "name": "Root"}}, {"model": "wagtailcore.locale", "pk": 1, "fields": {"language_code": "en"}}, {"model": "wagtailcore.workflowpage", "pk": 1, "fields": {"workflow": 1}}, {"model": "wagtailcore.workflowtask", "pk": 1, "fields": {"sort_order": 0, "workflow": 1, "task": 1}}, {"model": "wagtailcore.workflow", "pk": 1, "fields": {"name": "Moderators approval", "active": true}}, {"model": "contenttypes.contenttype", "pk": 1, "fields": {"app_label": "wagtailcore", "model": "page"}}, {"model": "contenttypes.contenttype", "pk": 2, "fields": {"app_label": "home", "model": "homepage"}}, {"model": "contenttypes.contenttype", "pk": 3, "fields": {"app_label": "wagtailcore", "model": "groupapprovaltask"}}, {"model": "contenttypes.contenttype", "pk": 4, "fields": {"app_label": "wagtailadmin", "model": "admin"}}, {"model": "contenttypes.contenttype", "pk": 5, "fields": {"app_label": "wagtaildocs", "model": "document"}}, {"model": "contenttypes.contenttype", "pk": 6, "fields": {"app_label": "wagtailimages", "model": "image"}}, {"model": "contenttypes.contenttype", "pk": 7, "fields": {"app_label": "users", "model": "team"}}, {"model": "contenttypes.contenttype", "pk": 8, "fields": {"app_label": "users", "model": "profile"}}, {"model": "contenttypes.contenttype", "pk": 9, "fields": {"app_label": "users", "model": "enrollment"}}, {"model": "contenttypes.contenttype", "pk": 10, "fields": {"app_label": "home", "model": "announcement"}}, {"model": "contenttypes.contenttype", "pk": 11, "fields": {"app_label": "materials", "model": "lesson"}}, {"model": "contenttypes.contenttype", "pk": 12, "fields": {"app_label": "materials", "model": "resource"}}, {"model": "contenttypes.contenttype", "pk": 13, "fields": {"app_label": "materials", "model": "section"}}, {"model": "contenttypes.contenttype", "pk": 14, "fields": {"app_label": "materials", "model": "slide"}}, {"model": "contenttypes.contenttype", "pk": 15, "fields": {"app_label": "materials", "model": "textbook"}}, {"model": "contenttypes.contenttype", "pk": 16, "fields": {"app_label": "materials", "model": "grade"}}, {"model": "contenttypes.contenttype", "pk": 17, "fields": {"app_label": "wagtailforms", "model": "formsubmission"}}, {"model": "contenttypes.contenttype", "pk": 18, "fields": {"app_label": "wagtailredirects", "model": "redirect"}}, {"model": "contenttypes.contenttype", "pk": 19, "fields": {"app_label": "wagtailembeds", "model": "embed"}}, {"model": "contenttypes.contenttype", "pk": 20, "fields": {"app_label": "wagtailusers", "model": "userprofile"}}, {"model": "contenttypes.contenttype", "pk": 21, "fields": {"app_label": "wagtaildocs", "model": "uploadeddocument"}}, {"model": "contenttypes.contenttype", "pk": 22, "fields": {"app_label": "wagtailimages", "model": "rendition"}}, {"model": "contenttypes.contenttype", "pk": 23, "fields": {"app_label": "wagtailimages", "model": "uploadedimage"}}, {"model": "contenttypes.contenttype", "pk": 24, "fields": {"app_label": "wagtailsearch", "model": "query"}}, {"model": "contenttypes.contenttype", "pk": 25, "fields": {"app_label": "wagtailsearch", "model": "querydailyhits"}}, {"model": "contenttypes.contenttype", "pk": 26, "fields": {"app_label": "wagtailsearch", "model": "indexentry"}}, {"model": "contenttypes.contenttype", "pk": 27, "fields": {"app_label": "wagtailsearch", "model": "sqliteftsindexentry"}}, {"model": "contenttypes.contenttype", "pk": 28, "fields": {"app_label": "wagtailcore", "model": "grouppagepermission"}}, {"model": "contenttypes.contenttype", "pk": 29, "fields": {"app_label": "wagtailcore", "model": "pagerevision"}}, {"model": "contenttypes.contenttype", "pk": 30, "fields": {"app_label": "wagtailcore", "model": "pageviewrestriction"}}, {"model": "contenttypes.contenttype", "pk": 31, "fields": {"app_label": "wagtailcore", "model": "site"}}, {"model": "contenttypes.contenttype", "pk": 32, "fields": {"app_label": "wagtailcore", "model": "collection"}}, {"model": "contenttypes.contenttype", "pk": 33, "fields": {"app_label": "wagtailcore", "model": "groupcollectionpermission"}}, {"model": "contenttypes.contenttype", "pk": 34, "fields": {"app_label": "wagtailcore", "model": "collectionviewrestriction"}}, {"model": "contenttypes.contenttype", "pk": 35, "fields": {"app_label": "wagtailcore", "model": "task"}}, {"model": "contenttypes.contenttype", "pk": 36, "fields": {"app_label": "wagtailcore", "model": "taskstate"}}, {"model": "contenttypes.contenttype", "pk": 37, "fields": {"app_label": "wagtailcore", "model": "workflow"}}, {"model": "contenttypes.contenttype", "pk": 38, "fields": {"app_label": "wagtailcore", "model": "workflowstate"}}, {"model": "contenttypes.contenttype", "pk": 39, "fields": {"app_label": "wagtailcore", "model": "workflowpage"}}, {"model": "contenttypes.contenttype", "pk": 40, "fields": {"app_label": "wagtailcore", "model": "workflowtask"}}, {"model": "contenttypes.contenttype", "pk": 41, "fields": {"app_label": "wagtailcore", "model": "pagelogentry"}}, {"model": "contenttypes.contenttype", "pk": 42, "fields": {"app_label": "wagtailcore", "model": "locale"}}, {"model": "contenttypes.contenttype", "pk": 43, "fields": {"app_label": "wagtailcore", "model": "comment"}}, {"model": "contenttypes.contenttype", "pk": 44, "fields": {"app_label": "wagtailcore", "model": "commentreply"}}, {"model": "contenttypes.contenttype", "pk": 45, "fields": {"app_label": "wagtailcore", "model": "pagesubscription"}}, {"model": "contenttypes.contenttype", "pk": 46, "fields": {"app_label": "wagtailcore", "model": "modellogentry"}}, {"model": "contenttypes.contenttype", "pk": 47, "fields": {"app_label": "taggit", "model": "tag"}}, {"model": "contenttypes.contenttype", "pk": 48, "fields": {"app_label": "taggit", "model": "taggeditem"}}, {"model": "contenttypes.contenttype", "pk": 49, "fields": {"app_label": "admin", "model": "logentry"}}, {"model": "contenttypes.contenttype", "pk": 50, "fields": {"app_label": "auth", "model": "permission"}}, {"model": "contenttypes.contenttype", "pk": 51, "fields": {"app_label": "auth", "model": "group"}}, {"model": "contenttypes.contenttype", "pk": 52, "fields": {"app_label": "auth", "model": "user"}}, {"model": "contenttypes.contenttype", "pk": 53, "fields": {"app_label": "contenttypes", "model": "contenttype"}}, {"model": "contenttypes.contenttype", "pk": 54, "fields": {"app_label": "sessions", "model": "session"}}, {"model": "sessions.session", "pk": "grvu9y0q0054wxljvvn4gpdlyznsca4u", "fields": {"session_data": ".eJxVjDsOwjAQBe_iGln-fyjpOYO1Xq9xADlSnFSIu0OkFNC-mXkvlmBbW9oGLWkq7MwkO_1uGfBBfQflDv02c5z7ukyZ7wo_6ODXudDzcrh_Bw1G-9bGi6w1mKCLqLHIKGtGVzVVzF4JClGFiNYTKG8cZCtDsdpbVyEarIK9P-JAN-I:1n752l:WFXyQ91ZIueP20WaPLqt4j7Bh3D-B0q_x38dvDv1MfE", "expire_date": "2022-01-25T00:29:43.234Z"}}, {"model": "auth.permission", "pk": 1, "fields": {"name": "Can access Wagtail admin", "content_type": ["wagtailadmin", "admin"], "codename": "access_admin"}}, {"model": "auth.permission", "pk": 2, "fields": {"name": "Can add document", "content_type": ["wagtaildocs", "document"], "codename": "add_document"}}, {"model": "auth.permission", "pk": 3, "fields": {"name": "Can change document", "content_type": ["wagtaildocs", "document"], "codename": "change_document"}}, {"model": "auth.permission", "pk": 4, "fields": {"name": "Can delete document", "content_type": ["wagtaildocs", "document"], "codename": "delete_document"}}, {"model": "auth.permission", "pk": 5, "fields": {"name": "Can choose document", "content_type": ["wagtaildocs", "document"], "codename": "choose_document"}}, {"model": "auth.permission", "pk": 6, "fields": {"name": "Can add image", "content_type": ["wagtailimages", "image"], "codename": "add_image"}}, {"model": "auth.permission", "pk": 7, "fields": {"name": "Can change image", "content_type": ["wagtailimages", "image"], "codename": "change_image"}}, {"model": "auth.permission", "pk": 8, "fields": {"name": "Can delete image", "content_type": ["wagtailimages", "image"], "codename": "delete_image"}}, {"model": "auth.permission", "pk": 9, "fields": {"name": "Can choose image", "content_type": ["wagtailimages", "image"], "codename": "choose_image"}}, {"model": "auth.permission", "pk": 10, "fields": {"name": "Can add team", "content_type": ["users", "team"], "codename": "add_team"}}, {"model": "auth.permission", "pk": 11, "fields": {"name": "Can change team", "content_type": ["users", "team"], "codename": "change_team"}}, {"model": "auth.permission", "pk": 12, "fields": {"name": "Can delete team", "content_type": ["users", "team"], "codename": "delete_team"}}, {"model": "auth.permission", "pk": 13, "fields": {"name": "Can view team", "content_type": ["users", "team"], "codename": "view_team"}}, {"model": "auth.permission", "pk": 14, "fields": {"name": "Can add profile", "content_type": ["users", "profile"], "codename": "add_profile"}}, {"model": "auth.permission", "pk": 15, "fields": {"name": "Can change profile", "content_type": ["users", "profile"], "codename": "change_profile"}}, {"model": "auth.permission", "pk": 16, "fields": {"name": "Can delete profile", "content_type": ["users", "profile"], "codename": "delete_profile"}}, {"model": "auth.permission", "pk": 17, "fields": {"name": "Can view profile", "content_type": ["users", "profile"], "codename": "view_profile"}}, {"model": "auth.permission", "pk": 18, "fields": {"name": "Can add enrollment", "content_type": ["users", "enrollment"], "codename": "add_enrollment"}}, {"model": "auth.permission", "pk": 19, "fields": {"name": "Can change enrollment", "content_type": ["users", "enrollment"], "codename": "change_enrollment"}}, {"model": "auth.permission", "pk": 20, "fields": {"name": "Can delete enrollment", "content_type": ["users", "enrollment"], "codename": "delete_enrollment"}}, {"model": "auth.permission", "pk": 21, "fields": {"name": "Can view enrollment", "content_type": ["users", "enrollment"], "codename": "view_enrollment"}}, {"model": "auth.permission", "pk": 22, "fields": {"name": "Can add home page", "content_type": ["home", "homepage"], "codename": "add_homepage"}}, {"model": "auth.permission", "pk": 23, "fields": {"name": "Can change home page", "content_type": ["home", "homepage"], "codename": "change_homepage"}}, {"model": "auth.permission", "pk": 24, "fields": {"name": "Can delete home page", "content_type": ["home", "homepage"], "codename": "delete_homepage"}}, {"model": "auth.permission", "pk": 25, "fields": {"name": "Can view home page", "content_type": ["home", "homepage"], "codename": "view_homepage"}}, {"model": "auth.permission", "pk": 26, "fields": {"name": "Can add announcement", "content_type": ["home", "announcement"], "codename": "add_announcement"}}, {"model": "auth.permission", "pk": 27, "fields": {"name": "Can change announcement", "content_type": ["home", "announcement"], "codename": "change_announcement"}}, {"model": "auth.permission", "pk": 28, "fields": {"name": "Can delete announcement", "content_type": ["home", "announcement"], "codename": "delete_announcement"}}, {"model": "auth.permission", "pk": 29, "fields": {"name": "Can view announcement", "content_type": ["home", "announcement"], "codename": "view_announcement"}}, {"model": "auth.permission", "pk": 30, "fields": {"name": "Can add lesson", "content_type": ["materials", "lesson"], "codename": "add_lesson"}}, {"model": "auth.permission", "pk": 31, "fields": {"name": "Can change lesson", "content_type": ["materials", "lesson"], "codename": "change_lesson"}}, {"model": "auth.permission", "pk": 32, "fields": {"name": "Can delete lesson", "content_type": ["materials", "lesson"], "codename": "delete_lesson"}}, {"model": "auth.permission", "pk": 33, "fields": {"name": "Can view lesson", "content_type": ["materials", "lesson"], "codename": "view_lesson"}}, {"model": "auth.permission", "pk": 34, "fields": {"name": "Can add resource", "content_type": ["materials", "resource"], "codename": "add_resource"}}, {"model": "auth.permission", "pk": 35, "fields": {"name": "Can change resource", "content_type": ["materials", "resource"], "codename": "change_resource"}}, {"model": "auth.permission", "pk": 36, "fields": {"name": "Can delete resource", "content_type": ["materials", "resource"], "codename": "delete_resource"}}, {"model": "auth.permission", "pk": 37, "fields": {"name": "Can view resource", "content_type": ["materials", "resource"], "codename": "view_resource"}}, {"model": "auth.permission", "pk": 38, "fields": {"name": "Can add section", "content_type": ["materials", "section"], "codename": "add_section"}}, {"model": "auth.permission", "pk": 39, "fields": {"name": "Can change section", "content_type": ["materials", "section"], "codename": "change_section"}}, {"model": "auth.permission", "pk": 40, "fields": {"name": "Can delete section", "content_type": ["materials", "section"], "codename": "delete_section"}}, {"model": "auth.permission", "pk": 41, "fields": {"name": "Can view section", "content_type": ["materials", "section"], "codename": "view_section"}}, {"model": "auth.permission", "pk": 42, "fields": {"name": "Can add slide", "content_type": ["materials", "slide"], "codename": "add_slide"}}, {"model": "auth.permission", "pk": 43, "fields": {"name": "Can change slide", "content_type": ["materials", "slide"], "codename": "change_slide"}}, {"model": "auth.permission", "pk": 44, "fields": {"name": "Can delete slide", "content_type": ["materials", "slide"], "codename": "delete_slide"}}, {"model": "auth.permission", "pk": 45, "fields": {"name": "Can view slide", "content_type": ["materials", "slide"], "codename": "view_slide"}}, {"model": "auth.permission", "pk": 46, "fields": {"name": "Can add textbook", "content_type": ["materials", "textbook"], "codename": "add_textbook"}}, {"model": "auth.permission", "pk": 47, "fields": {"name": "Can change textbook", "content_type": ["materials", "textbook"], "codename": "change_textbook"}}, {"model": "auth.permission", "pk": 48, "fields": {"name": "Can delete textbook", "content_type": ["materials", "textbook"], "codename": "delete_textbook"}}, {"model": "auth.permission", "pk": 49, "fields": {"name": "Can view textbook", "content_type": ["materials", "textbook"], "codename": "view_textbook"}}, {"model": "auth.permission", "pk": 50, "fields": {"name": "Can add grade", "content_type": ["materials", "grade"], "codename": "add_grade"}}, {"model": "auth.permission", "pk": 51, "fields": {"name": "Can change grade", "content_type": ["materials", "grade"], "codename": "change_grade"}}, {"model": "auth.permission", "pk": 52, "fields": {"name": "Can delete grade", "content_type": ["materials", "grade"], "codename": "delete_grade"}}, {"model": "auth.permission", "pk": 53, "fields": {"name": "Can view grade", "content_type": ["materials", "grade"], "codename": "view_grade"}}, {"model": "auth.permission", "pk": 54, "fields": {"name": "Can add form submission", "content_type": ["wagtailforms", "formsubmission"], "codename": "add_formsubmission"}}, {"model": "auth.permission", "pk": 55, "fields": {"name": "Can change form submission", "content_type": ["wagtailforms", "formsubmission"], "codename": "change_formsubmission"}}, {"model": "auth.permission", "pk": 56, "fields": {"name": "Can delete form submission", "content_type": ["wagtailforms", "formsubmission"], "codename": "delete_formsubmission"}}, {"model": "auth.permission", "pk": 57, "fields": {"name": "Can view form submission", "content_type": ["wagtailforms", "formsubmission"], "codename": "view_formsubmission"}}, {"model": "auth.permission", "pk": 58, "fields": {"name": "Can add redirect", "content_type": ["wagtailredirects", "redirect"], "codename": "add_redirect"}}, {"model": "auth.permission", "pk": 59, "fields": {"name": "Can change redirect", "content_type": ["wagtailredirects", "redirect"], "codename": "change_redirect"}}, {"model": "auth.permission", "pk": 60, "fields": {"name": "Can delete redirect", "content_type": ["wagtailredirects", "redirect"], "codename": "delete_redirect"}}, {"model": "auth.permission", "pk": 61, "fields": {"name": "Can view redirect", "content_type": ["wagtailredirects", "redirect"], "codename": "view_redirect"}}, {"model": "auth.permission", "pk": 62, "fields": {"name": "Can add embed", "content_type": ["wagtailembeds", "embed"], "codename": "add_embed"}}, {"model": "auth.permission", "pk": 63, "fields": {"name": "Can change embed", "content_type": ["wagtailembeds", "embed"], "codename": "change_embed"}}, {"model": "auth.permission", "pk": 64, "fields": {"name": "Can delete embed", "content_type": ["wagtailembeds", "embed"], "codename": "delete_embed"}}, {"model": "auth.permission", "pk": 65, "fields": {"name": "Can view embed", "content_type": ["wagtailembeds", "embed"], "codename": "view_embed"}}, {"model": "auth.permission", "pk": 66, "fields": {"name": "Can add user profile", "content_type": ["wagtailusers", "userprofile"], "codename": "add_userprofile"}}, {"model": "auth.permission", "pk": 67, "fields": {"name": "Can change user profile", "content_type": ["wagtailusers", "userprofile"], "codename": "change_userprofile"}}, {"model": "auth.permission", "pk": 68, "fields": {"name": "Can delete user profile", "content_type": ["wagtailusers", "userprofile"], "codename": "delete_userprofile"}}, {"model": "auth.permission", "pk": 69, "fields": {"name": "Can view user profile", "content_type": ["wagtailusers", "userprofile"], "codename": "view_userprofile"}}, {"model": "auth.permission", "pk": 70, "fields": {"name": "Can view document", "content_type": ["wagtaildocs", "document"], "codename": "view_document"}}, {"model": "auth.permission", "pk": 71, "fields": {"name": "Can add uploaded document", "content_type": ["wagtaildocs", "uploadeddocument"], "codename": "add_uploadeddocument"}}, {"model": "auth.permission", "pk": 72, "fields": {"name": "Can change uploaded document", "content_type": ["wagtaildocs", "uploadeddocument"], "codename": "change_uploadeddocument"}}, {"model": "auth.permission", "pk": 73, "fields": {"name": "Can delete uploaded document", "content_type": ["wagtaildocs", "uploadeddocument"], "codename": "delete_uploadeddocument"}}, {"model": "auth.permission", "pk": 74, "fields": {"name": "Can view uploaded document", "content_type": ["wagtaildocs", "uploadeddocument"], "codename": "view_uploadeddocument"}}, {"model": "auth.permission", "pk": 75, "fields": {"name": "Can view image", "content_type": ["wagtailimages", "image"], "codename": "view_image"}}, {"model": "auth.permission", "pk": 76, "fields": {"name": "Can add rendition", "content_type": ["wagtailimages", "rendition"], "codename": "add_rendition"}}, {"model": "auth.permission", "pk": 77, "fields": {"name": "Can change rendition", "content_type": ["wagtailimages", "rendition"], "codename": "change_rendition"}}, {"model": "auth.permission", "pk": 78, "fields": {"name": "Can delete rendition", "content_type": ["wagtailimages", "rendition"], "codename": "delete_rendition"}}, {"model": "auth.permission", "pk": 79, "fields": {"name": "Can view rendition", "content_type": ["wagtailimages", "rendition"], "codename": "view_rendition"}}, {"model": "auth.permission", "pk": 80, "fields": {"name": "Can add uploaded image", "content_type": ["wagtailimages", "uploadedimage"], "codename": "add_uploadedimage"}}, {"model": "auth.permission", "pk": 81, "fields": {"name": "Can change uploaded image", "content_type": ["wagtailimages", "uploadedimage"], "codename": "change_uploadedimage"}}, {"model": "auth.permission", "pk": 82, "fields": {"name": "Can delete uploaded image", "content_type": ["wagtailimages", "uploadedimage"], "codename": "delete_uploadedimage"}}, {"model": "auth.permission", "pk": 83, "fields": {"name": "Can view uploaded image", "content_type": ["wagtailimages", "uploadedimage"], "codename": "view_uploadedimage"}}, {"model": "auth.permission", "pk": 84, "fields": {"name": "Can add query", "content_type": ["wagtailsearch", "query"], "codename": "add_query"}}, {"model": "auth.permission", "pk": 85, "fields": {"name": "Can change query", "content_type": ["wagtailsearch", "query"], "codename": "change_query"}}, {"model": "auth.permission", "pk": 86, "fields": {"name": "Can delete query", "content_type": ["wagtailsearch", "query"], "codename": "delete_query"}}, {"model": "auth.permission", "pk": 87, "fields": {"name": "Can view query", "content_type": ["wagtailsearch", "query"], "codename": "view_query"}}, {"model": "auth.permission", "pk": 88, "fields": {"name": "Can add Query Daily Hits", "content_type": ["wagtailsearch", "querydailyhits"], "codename": "add_querydailyhits"}}, {"model": "auth.permission", "pk": 89, "fields": {"name": "Can change Query Daily Hits", "content_type": ["wagtailsearch", "querydailyhits"], "codename": "change_querydailyhits"}}, {"model": "auth.permission", "pk": 90, "fields": {"name": "Can delete Query Daily Hits", "content_type": ["wagtailsearch", "querydailyhits"], "codename": "delete_querydailyhits"}}, {"model": "auth.permission", "pk": 91, "fields": {"name": "Can view Query Daily Hits", "content_type": ["wagtailsearch", "querydailyhits"], "codename": "view_querydailyhits"}}, {"model": "auth.permission", "pk": 92, "fields": {"name": "Can add index entry", "content_type": ["wagtailsearch", "indexentry"], "codename": "add_indexentry"}}, {"model": "auth.permission", "pk": 93, "fields": {"name": "Can change index entry", "content_type": ["wagtailsearch", "indexentry"], "codename": "change_indexentry"}}, {"model": "auth.permission", "pk": 94, "fields": {"name": "Can delete index entry", "content_type": ["wagtailsearch", "indexentry"], "codename": "delete_indexentry"}}, {"model": "auth.permission", "pk": 95, "fields": {"name": "Can view index entry", "content_type": ["wagtailsearch", "indexentry"], "codename": "view_indexentry"}}, {"model": "auth.permission", "pk": 96, "fields": {"name": "Can add sqliteftsindexentry", "content_type": ["wagtailsearch", "sqliteftsindexentry"], "codename": "add_sqliteftsindexentry"}}, {"model": "auth.permission", "pk": 97, "fields": {"name": "Can change sqliteftsindexentry", "content_type": ["wagtailsearch", "sqliteftsindexentry"], "codename": "change_sqliteftsindexentry"}}, {"model": "auth.permission", "pk": 98, "fields": {"name": "Can delete sqliteftsindexentry", "content_type": ["wagtailsearch", "sqliteftsindexentry"], "codename": "delete_sqliteftsindexentry"}}, {"model": "auth.permission", "pk": 99, "fields": {"name": "Can view sqliteftsindexentry", "content_type": ["wagtailsearch", "sqliteftsindexentry"], "codename": "view_sqliteftsindexentry"}}, {"model": "auth.permission", "pk": 100, "fields": {"name": "Can add page", "content_type": ["wagtailcore", "page"], "codename": "add_page"}}, {"model": "auth.permission", "pk": 101, "fields": {"name": "Can change page", "content_type": ["wagtailcore", "page"], "codename": "change_page"}}, {"model": "auth.permission", "pk": 102, "fields": {"name": "Can delete page", "content_type": ["wagtailcore", "page"], "codename": "delete_page"}}, {"model": "auth.permission", "pk": 103, "fields": {"name": "Can view page", "content_type": ["wagtailcore", "page"], "codename": "view_page"}}, {"model": "auth.permission", "pk": 104, "fields": {"name": "Can add group page permission", "content_type": ["wagtailcore", "grouppagepermission"], "codename": "add_grouppagepermission"}}, {"model": "auth.permission", "pk": 105, "fields": {"name": "Can change group page permission", "content_type": ["wagtailcore", "grouppagepermission"], "codename": "change_grouppagepermission"}}, {"model": "auth.permission", "pk": 106, "fields": {"name": "Can delete group page permission", "content_type": ["wagtailcore", "grouppagepermission"], "codename": "delete_grouppagepermission"}}, {"model": "auth.permission", "pk": 107, "fields": {"name": "Can view group page permission", "content_type": ["wagtailcore", "grouppagepermission"], "codename": "view_grouppagepermission"}}, {"model": "auth.permission", "pk": 108, "fields": {"name": "Can add page revision", "content_type": ["wagtailcore", "pagerevision"], "codename": "add_pagerevision"}}, {"model": "auth.permission", "pk": 109, "fields": {"name": "Can change page revision", "content_type": ["wagtailcore", "pagerevision"], "codename": "change_pagerevision"}}, {"model": "auth.permission", "pk": 110, "fields": {"name": "Can delete page revision", "content_type": ["wagtailcore", "pagerevision"], "codename": "delete_pagerevision"}}, {"model": "auth.permission", "pk": 111, "fields": {"name": "Can view page revision", "content_type": ["wagtailcore", "pagerevision"], "codename": "view_pagerevision"}}, {"model": "auth.permission", "pk": 112, "fields": {"name": "Can add page view restriction", "content_type": ["wagtailcore", "pageviewrestriction"], "codename": "add_pageviewrestriction"}}, {"model": "auth.permission", "pk": 113, "fields": {"name": "Can change page view restriction", "content_type": ["wagtailcore", "pageviewrestriction"], "codename": "change_pageviewrestriction"}}, {"model": "auth.permission", "pk": 114, "fields": {"name": "Can delete page view restriction", "content_type": ["wagtailcore", "pageviewrestriction"], "codename": "delete_pageviewrestriction"}}, {"model": "auth.permission", "pk": 115, "fields": {"name": "Can view page view restriction", "content_type": ["wagtailcore", "pageviewrestriction"], "codename": "view_pageviewrestriction"}}, {"model": "auth.permission", "pk": 116, "fields": {"name": "Can add site", "content_type": ["wagtailcore", "site"], "codename": "add_site"}}, {"model": "auth.permission", "pk": 117, "fields": {"name": "Can change site", "content_type": ["wagtailcore", "site"], "codename": "change_site"}}, {"model": "auth.permission", "pk": 118, "fields": {"name": "Can delete site", "content_type": ["wagtailcore", "site"], "codename": "delete_site"}}, {"model": "auth.permission", "pk": 119, "fields": {"name": "Can view site", "content_type": ["wagtailcore", "site"], "codename": "view_site"}}, {"model": "auth.permission", "pk": 120, "fields": {"name": "Can add collection", "content_type": ["wagtailcore", "collection"], "codename": "add_collection"}}, {"model": "auth.permission", "pk": 121, "fields": {"name": "Can change collection", "content_type": ["wagtailcore", "collection"], "codename": "change_collection"}}, {"model": "auth.permission", "pk": 122, "fields": {"name": "Can delete collection", "content_type": ["wagtailcore", "collection"], "codename": "delete_collection"}}, {"model": "auth.permission", "pk": 123, "fields": {"name": "Can view collection", "content_type": ["wagtailcore", "collection"], "codename": "view_collection"}}, {"model": "auth.permission", "pk": 124, "fields": {"name": "Can add group collection permission", "content_type": ["wagtailcore", "groupcollectionpermission"], "codename": "add_groupcollectionpermission"}}, {"model": "auth.permission", "pk": 125, "fields": {"name": "Can change group collection permission", "content_type": ["wagtailcore", "groupcollectionpermission"], "codename": "change_groupcollectionpermission"}}, {"model": "auth.permission", "pk": 126, "fields": {"name": "Can delete group collection permission", "content_type": ["wagtailcore", "groupcollectionpermission"], "codename": "delete_groupcollectionpermission"}}, {"model": "auth.permission", "pk": 127, "fields": {"name": "Can view group collection permission", "content_type": ["wagtailcore", "groupcollectionpermission"], "codename": "view_groupcollectionpermission"}}, {"model": "auth.permission", "pk": 128, "fields": {"name": "Can add collection view restriction", "content_type": ["wagtailcore", "collectionviewrestriction"], "codename": "add_collectionviewrestriction"}}, {"model": "auth.permission", "pk": 129, "fields": {"name": "Can change collection view restriction", "content_type": ["wagtailcore", "collectionviewrestriction"], "codename": "change_collectionviewrestriction"}}, {"model": "auth.permission", "pk": 130, "fields": {"name": "Can delete collection view restriction", "content_type": ["wagtailcore", "collectionviewrestriction"], "codename": "delete_collectionviewrestriction"}}, {"model": "auth.permission", "pk": 131, "fields": {"name": "Can view collection view restriction", "content_type": ["wagtailcore", "collectionviewrestriction"], "codename": "view_collectionviewrestriction"}}, {"model": "auth.permission", "pk": 132, "fields": {"name": "Can add task", "content_type": ["wagtailcore", "task"], "codename": "add_task"}}, {"model": "auth.permission", "pk": 133, "fields": {"name": "Can change task", "content_type": ["wagtailcore", "task"], "codename": "change_task"}}, {"model": "auth.permission", "pk": 134, "fields": {"name": "Can delete task", "content_type": ["wagtailcore", "task"], "codename": "delete_task"}}, {"model": "auth.permission", "pk": 135, "fields": {"name": "Can view task", "content_type": ["wagtailcore", "task"], "codename": "view_task"}}, {"model": "auth.permission", "pk": 136, "fields": {"name": "Can add Task state", "content_type": ["wagtailcore", "taskstate"], "codename": "add_taskstate"}}, {"model": "auth.permission", "pk": 137, "fields": {"name": "Can change Task state", "content_type": ["wagtailcore", "taskstate"], "codename": "change_taskstate"}}, {"model": "auth.permission", "pk": 138, "fields": {"name": "Can delete Task state", "content_type": ["wagtailcore", "taskstate"], "codename": "delete_taskstate"}}, {"model": "auth.permission", "pk": 139, "fields": {"name": "Can view Task state", "content_type": ["wagtailcore", "taskstate"], "codename": "view_taskstate"}}, {"model": "auth.permission", "pk": 140, "fields": {"name": "Can add workflow", "content_type": ["wagtailcore", "workflow"], "codename": "add_workflow"}}, {"model": "auth.permission", "pk": 141, "fields": {"name": "Can change workflow", "content_type": ["wagtailcore", "workflow"], "codename": "change_workflow"}}, {"model": "auth.permission", "pk": 142, "fields": {"name": "Can delete workflow", "content_type": ["wagtailcore", "workflow"], "codename": "delete_workflow"}}, {"model": "auth.permission", "pk": 143, "fields": {"name": "Can view workflow", "content_type": ["wagtailcore", "workflow"], "codename": "view_workflow"}}, {"model": "auth.permission", "pk": 144, "fields": {"name": "Can add Group approval task", "content_type": ["wagtailcore", "groupapprovaltask"], "codename": "add_groupapprovaltask"}}, {"model": "auth.permission", "pk": 145, "fields": {"name": "Can change Group approval task", "content_type": ["wagtailcore", "groupapprovaltask"], "codename": "change_groupapprovaltask"}}, {"model": "auth.permission", "pk": 146, "fields": {"name": "Can delete Group approval task", "content_type": ["wagtailcore", "groupapprovaltask"], "codename": "delete_groupapprovaltask"}}, {"model": "auth.permission", "pk": 147, "fields": {"name": "Can view Group approval task", "content_type": ["wagtailcore", "groupapprovaltask"], "codename": "view_groupapprovaltask"}}, {"model": "auth.permission", "pk": 148, "fields": {"name": "Can add Workflow state", "content_type": ["wagtailcore", "workflowstate"], "codename": "add_workflowstate"}}, {"model": "auth.permission", "pk": 149, "fields": {"name": "Can change Workflow state", "content_type": ["wagtailcore", "workflowstate"], "codename": "change_workflowstate"}}, {"model": "auth.permission", "pk": 150, "fields": {"name": "Can delete Workflow state", "content_type": ["wagtailcore", "workflowstate"], "codename": "delete_workflowstate"}}, {"model": "auth.permission", "pk": 151, "fields": {"name": "Can view Workflow state", "content_type": ["wagtailcore", "workflowstate"], "codename": "view_workflowstate"}}, {"model": "auth.permission", "pk": 152, "fields": {"name": "Can add workflow page", "content_type": ["wagtailcore", "workflowpage"], "codename": "add_workflowpage"}}, {"model": "auth.permission", "pk": 153, "fields": {"name": "Can change workflow page", "content_type": ["wagtailcore", "workflowpage"], "codename": "change_workflowpage"}}, {"model": "auth.permission", "pk": 154, "fields": {"name": "Can delete workflow page", "content_type": ["wagtailcore", "workflowpage"], "codename": "delete_workflowpage"}}, {"model": "auth.permission", "pk": 155, "fields": {"name": "Can view workflow page", "content_type": ["wagtailcore", "workflowpage"], "codename": "view_workflowpage"}}, {"model": "auth.permission", "pk": 156, "fields": {"name": "Can add workflow task order", "content_type": ["wagtailcore", "workflowtask"], "codename": "add_workflowtask"}}, {"model": "auth.permission", "pk": 157, "fields": {"name": "Can change workflow task order", "content_type": ["wagtailcore", "workflowtask"], "codename": "change_workflowtask"}}, {"model": "auth.permission", "pk": 158, "fields": {"name": "Can delete workflow task order", "content_type": ["wagtailcore", "workflowtask"], "codename": "delete_workflowtask"}}, {"model": "auth.permission", "pk": 159, "fields": {"name": "Can view workflow task order", "content_type": ["wagtailcore", "workflowtask"], "codename": "view_workflowtask"}}, {"model": "auth.permission", "pk": 160, "fields": {"name": "Can add page log entry", "content_type": ["wagtailcore", "pagelogentry"], "codename": "add_pagelogentry"}}, {"model": "auth.permission", "pk": 161, "fields": {"name": "Can change page log entry", "content_type": ["wagtailcore", "pagelogentry"], "codename": "change_pagelogentry"}}, {"model": "auth.permission", "pk": 162, "fields": {"name": "Can delete page log entry", "content_type": ["wagtailcore", "pagelogentry"], "codename": "delete_pagelogentry"}}, {"model": "auth.permission", "pk": 163, "fields": {"name": "Can view page log entry", "content_type": ["wagtailcore", "pagelogentry"], "codename": "view_pagelogentry"}}, {"model": "auth.permission", "pk": 164, "fields": {"name": "Can add locale", "content_type": ["wagtailcore", "locale"], "codename": "add_locale"}}, {"model": "auth.permission", "pk": 165, "fields": {"name": "Can change locale", "content_type": ["wagtailcore", "locale"], "codename": "change_locale"}}, {"model": "auth.permission", "pk": 166, "fields": {"name": "Can delete locale", "content_type": ["wagtailcore", "locale"], "codename": "delete_locale"}}, {"model": "auth.permission", "pk": 167, "fields": {"name": "Can view locale", "content_type": ["wagtailcore", "locale"], "codename": "view_locale"}}, {"model": "auth.permission", "pk": 168, "fields": {"name": "Can add comment", "content_type": ["wagtailcore", "comment"], "codename": "add_comment"}}, {"model": "auth.permission", "pk": 169, "fields": {"name": "Can change comment", "content_type": ["wagtailcore", "comment"], "codename": "change_comment"}}, {"model": "auth.permission", "pk": 170, "fields": {"name": "Can delete comment", "content_type": ["wagtailcore", "comment"], "codename": "delete_comment"}}, {"model": "auth.permission", "pk": 171, "fields": {"name": "Can view comment", "content_type": ["wagtailcore", "comment"], "codename": "view_comment"}}, {"model": "auth.permission", "pk": 172, "fields": {"name": "Can add comment reply", "content_type": ["wagtailcore", "commentreply"], "codename": "add_commentreply"}}, {"model": "auth.permission", "pk": 173, "fields": {"name": "Can change comment reply", "content_type": ["wagtailcore", "commentreply"], "codename": "change_commentreply"}}, {"model": "auth.permission", "pk": 174, "fields": {"name": "Can delete comment reply", "content_type": ["wagtailcore", "commentreply"], "codename": "delete_commentreply"}}, {"model": "auth.permission", "pk": 175, "fields": {"name": "Can view comment reply", "content_type": ["wagtailcore", "commentreply"], "codename": "view_commentreply"}}, {"model": "auth.permission", "pk": 176, "fields": {"name": "Can add page subscription", "content_type": ["wagtailcore", "pagesubscription"], "codename": "add_pagesubscription"}}, {"model": "auth.permission", "pk": 177, "fields": {"name": "Can change page subscription", "content_type": ["wagtailcore", "pagesubscription"], "codename": "change_pagesubscription"}}, {"model": "auth.permission", "pk": 178, "fields": {"name": "Can delete page subscription", "content_type": ["wagtailcore", "pagesubscription"], "codename": "delete_pagesubscription"}}, {"model": "auth.permission", "pk": 179, "fields": {"name": "Can view page subscription", "content_type": ["wagtailcore", "pagesubscription"], "codename": "view_pagesubscription"}}, {"model": "auth.permission", "pk": 180, "fields": {"name": "Can add model log entry", "content_type": ["wagtailcore", "modellogentry"], "codename": "add_modellogentry"}}, {"model": "auth.permission", "pk": 181, "fields": {"name": "Can change model log entry", "content_type": ["wagtailcore", "modellogentry"], "codename": "change_modellogentry"}}, {"model": "auth.permission", "pk": 182, "fields": {"name": "Can delete model log entry", "content_type": ["wagtailcore", "modellogentry"], "codename": "delete_modellogentry"}}, {"model": "auth.permission", "pk": 183, "fields": {"name": "Can view model log entry", "content_type": ["wagtailcore", "modellogentry"], "codename": "view_modellogentry"}}, {"model": "auth.permission", "pk": 184, "fields": {"name": "Can add tag", "content_type": ["taggit", "tag"], "codename": "add_tag"}}, {"model": "auth.permission", "pk": 185, "fields": {"name": "Can change tag", "content_type": ["taggit", "tag"], "codename": "change_tag"}}, {"model": "auth.permission", "pk": 186, "fields": {"name": "Can delete tag", "content_type": ["taggit", "tag"], "codename": "delete_tag"}}, {"model": "auth.permission", "pk": 187, "fields": {"name": "Can view tag", "content_type": ["taggit", "tag"], "codename": "view_tag"}}, {"model": "auth.permission", "pk": 188, "fields": {"name": "Can add tagged item", "content_type": ["taggit", "taggeditem"], "codename": "add_taggeditem"}}, {"model": "auth.permission", "pk": 189, "fields": {"name": "Can change tagged item", "content_type": ["taggit", "taggeditem"], "codename": "change_taggeditem"}}, {"model": "auth.permission", "pk": 190, "fields": {"name": "Can delete tagged item", "content_type": ["taggit", "taggeditem"], "codename": "delete_taggeditem"}}, {"model": "auth.permission", "pk": 191, "fields": {"name": "Can view tagged item", "content_type": ["taggit", "taggeditem"], "codename": "view_taggeditem"}}, {"model": "auth.permission", "pk": 192, "fields": {"name": "Can add log entry", "content_type": ["admin", "logentry"], "codename": "add_logentry"}}, {"model": "auth.permission", "pk": 193, "fields": {"name": "Can change log entry", "content_type": ["admin", "logentry"], "codename": "change_logentry"}}, {"model": "auth.permission", "pk": 194, "fields": {"name": "Can delete log entry", "content_type": ["admin", "logentry"], "codename": "delete_logentry"}}, {"model": "auth.permission", "pk": 195, "fields": {"name": "Can view log entry", "content_type": ["admin", "logentry"], "codename": "view_logentry"}}, {"model": "auth.permission", "pk": 196, "fields": {"name": "Can add permission", "content_type": ["auth", "permission"], "codename": "add_permission"}}, {"model": "auth.permission", "pk": 197, "fields": {"name": "Can change permission", "content_type": ["auth", "permission"], "codename": "change_permission"}}, {"model": "auth.permission", "pk": 198, "fields": {"name": "Can delete permission", "content_type": ["auth", "permission"], "codename": "delete_permission"}}, {"model": "auth.permission", "pk": 199, "fields": {"name": "Can view permission", "content_type": ["auth", "permission"], "codename": "view_permission"}}, {"model": "auth.permission", "pk": 200, "fields": {"name": "Can add group", "content_type": ["auth", "group"], "codename": "add_group"}}, {"model": "auth.permission", "pk": 201, "fields": {"name": "Can change group", "content_type": ["auth", "group"], "codename": "change_group"}}, {"model": "auth.permission", "pk": 202, "fields": {"name": "Can delete group", "content_type": ["auth", "group"], "codename": "delete_group"}}, {"model": "auth.permission", "pk": 203, "fields": {"name": "Can view group", "content_type": ["auth", "group"], "codename": "view_group"}}, {"model": "auth.permission", "pk": 204, "fields": {"name": "Can add user", "content_type": ["auth", "user"], "codename": "add_user"}}, {"model": "auth.permission", "pk": 205, "fields": {"name": "Can change user", "content_type": ["auth", "user"], "codename": "change_user"}}, {"model": "auth.permission", "pk": 206, "fields": {"name": "Can delete user", "content_type": ["auth", "user"], "codename": "delete_user"}}, {"model": "auth.permission", "pk": 207, "fields": {"name": "Can view user", "content_type": ["auth", "user"], "codename": "view_user"}}, {"model": "auth.permission", "pk": 208, "fields": {"name": "Can add content type", "content_type": ["contenttypes", "contenttype"], "codename": "add_contenttype"}}, {"model": "auth.permission", "pk": 209, "fields": {"name": "Can change content type", "content_type": ["contenttypes", "contenttype"], "codename": "change_contenttype"}}, {"model": "auth.permission", "pk": 210, "fields": {"name": "Can delete content type", "content_type": ["contenttypes", "contenttype"], "codename": "delete_contenttype"}}, {"model": "auth.permission", "pk": 211, "fields": {"name": "Can view content type", "content_type": ["contenttypes", "contenttype"], "codename": "view_contenttype"}}, {"model": "auth.permission", "pk": 212, "fields": {"name": "Can add session", "content_type": ["sessions", "session"], "codename": "add_session"}}, {"model": "auth.permission", "pk": 213, "fields": {"name": "Can change session", "content_type": ["sessions", "session"], "codename": "change_session"}}, {"model": "auth.permission", "pk": 214, "fields": {"name": "Can delete session", "content_type": ["sessions", "session"], "codename": "delete_session"}}, {"model": "auth.permission", "pk": 215, "fields": {"name": "Can view session", "content_type": ["sessions", "session"], "codename": "view_session"}}, {"model": "wagtailcore.task", "pk": 1, "fields": {"name": "Moderators approval", "content_type": ["wagtailcore", "groupapprovaltask"], "active": true}}, {"model": "wagtailsearch.indexentry", "pk": 1, "fields": {"content_type": ["materials", "textbook"], "object_id": "4", "title_norm": 0.96, "autocomplete": "Digital Stewards Training", "title": "Digital Stewards Training", "body": ""}}, {"model": "wagtailsearch.indexentry", "pk": 2, "fields": {"content_type": ["materials", "lesson"], "object_id": "5", "title_norm": 1.0434782608695652, "autocomplete": "Welcome and Orientation", "title": "Welcome and Orientation", "body": ""}}, {"model": "wagtailsearch.indexentry", "pk": 3, "fields": {"content_type": ["materials", "section"], "object_id": "6", "title_norm": 0.7235772357723578, "autocomplete": "Welcome to the Digital Stewards training!", "title": "Welcome to the Digital Stewards training!", "body": ""}}, {"model": "wagtailsearch.indexentry", "pk": 4, "fields": {"content_type": ["materials", "slide"], "object_id": "7", "title_norm": 0.7926829268292683, "autocomplete": "Welcome to the Digital Stewards training!", "title": "Welcome to the Digital Stewards training!", "body": ""}}, {"model": "wagtailsearch.indexentry", "pk": 5, "fields": {"content_type": ["materials", "slide"], "object_id": "8", "title_norm": 0.7652173913043478, "autocomplete": "An Introduction to Digital Stewardship and EII", "title": "An Introduction to Digital Stewardship and EII", "body": ""}}, {"model": "wagtailsearch.indexentry", "pk": 6, "fields": {"content_type": ["materials", "slide"], "object_id": "9", "title_norm": 2.0, "autocomplete": "Milestone Survey", "title": "Milestone Survey", "body": ""}}, {"model": "wagtailsearch.indexentry", "pk": 7, "fields": {"content_type": ["materials", "slide"], "object_id": "10", "title_norm": 1.7563025210084033, "autocomplete": "4 Square Activity", "title": "4 Square Activity", "body": ""}}, {"model": "auth.group", "pk": 1, "fields": {"name": "Moderators", "permissions": [["access_admin", "wagtailadmin", "admin"], ["add_document", "wagtaildocs", "document"], ["change_document", "wagtaildocs", "document"], ["choose_document", "wagtaildocs", "document"], ["delete_document", "wagtaildocs", "document"], ["add_image", "wagtailimages", "image"], ["change_image", "wagtailimages", "image"], ["choose_image", "wagtailimages", "image"], ["delete_image", "wagtailimages", "image"]]}}, {"model": "auth.group", "pk": 2, "fields": {"name": "Editors", "permissions": [["access_admin", "wagtailadmin", "admin"], ["add_document", "wagtaildocs", "document"], ["change_document", "wagtaildocs", "document"], ["choose_document", "wagtaildocs", "document"], ["delete_document", "wagtaildocs", "document"], ["add_image", "wagtailimages", "image"], ["change_image", "wagtailimages", "image"], ["choose_image", "wagtailimages", "image"], ["delete_image", "wagtailimages", "image"]]}}, {"model": "auth.user", "pk": 1, "fields": {"password": "pbkdf2_sha256$260000$saPn72La4990k1Z8RYuVO2$VU6TTtkOqwV6u7MxYg18G83GoVSVUqwMW9d1vIWojDE=", "last_login": "2022-01-11T00:29:43.232Z", "is_superuser": true, "username": "user_one", "first_name": "", "last_name": "", "email": "vickers.mike@gmail.com", "is_staff": true, "is_active": true, "date_joined": "2022-01-11T00:28:33.248Z", "groups": [], "user_permissions": []}}, {"model": "wagtailcore.pagesubscription", "pk": 1, "fields": {"user": ["user_one"], "page": 4, "comment_notifications": true}}, {"model": "wagtailcore.pagesubscription", "pk": 2, "fields": {"user": ["user_one"], "page": 5, "comment_notifications": true}}, {"model": "wagtailcore.pagesubscription", "pk": 3, "fields": {"user": ["user_one"], "page": 6, "comment_notifications": true}}, {"model": "wagtailcore.pagesubscription", "pk": 4, "fields": {"user": ["user_one"], "page": 7, "comment_notifications": true}}, {"model": "wagtailcore.pagesubscription", "pk": 5, "fields": {"user": ["user_one"], "page": 8, "comment_notifications": true}}, {"model": "wagtailcore.pagesubscription", "pk": 6, "fields": {"user": ["user_one"], "page": 9, "comment_notifications": true}}, {"model": "wagtailcore.pagesubscription", "pk": 7, "fields": {"user": ["user_one"], "page": 10, "comment_notifications": true}}, {"model": "wagtailcore.pagelogentry", "pk": 1, "fields": {"content_type": ["materials", "textbook"], "label": "Digital Stewards Training", "action": "wagtail.create", "data_json": "\"\"", "timestamp": "2022-01-11T00:40:28.012Z", "uuid": "e0d3f685-c7f0-4ba7-87ed-a34f646bc6e7", "user": ["user_one"], "content_changed": true, "deleted": false, "page": 4, "revision": null}}, {"model": "wagtailcore.pagelogentry", "pk": 2, "fields": {"content_type": ["materials", "lesson"], "label": "Welcome and Orientation", "action": "wagtail.create", "data_json": "\"\"", "timestamp": "2022-01-11T00:46:30.688Z", "uuid": "a5ac8135-1952-49d1-b36e-10368cfcb6d0", "user": ["user_one"], "content_changed": true, "deleted": false, "page": 5, "revision": null}}, {"model": "wagtailcore.pagelogentry", "pk": 3, "fields": {"content_type": ["materials", "section"], "label": "Welcome to the Digital Stewards training!", "action": "wagtail.create", "data_json": "\"\"", "timestamp": "2022-01-11T00:51:04.386Z", "uuid": "6b9ef3ce-bacc-47e1-af7e-d4431757d08b", "user": ["user_one"], "content_changed": true, "deleted": false, "page": 6, "revision": null}}, {"model": "wagtailcore.pagelogentry", "pk": 4, "fields": {"content_type": ["materials", "section"], "label": "Welcome to the Digital Stewards training!", "action": "wagtail.edit", "data_json": "\"\"", "timestamp": "2022-01-11T00:51:15.282Z", "uuid": "4bb54d2d-c0f8-4db3-a65c-ad101bf2bea9", "user": ["user_one"], "content_changed": true, "deleted": false, "page": 6, "revision": 4}}, {"model": "wagtailcore.pagelogentry", "pk": 5, "fields": {"content_type": ["materials", "section"], "label": "Community technology and our principles", "action": "wagtail.edit", "data_json": "\"\"", "timestamp": "2022-01-11T00:52:56.946Z", "uuid": "1f7af050-2031-49a1-a600-8b47debb28d4", "user": ["user_one"], "content_changed": true, "deleted": false, "page": 6, "revision": 5}}, {"model": "wagtailcore.pagelogentry", "pk": 6, "fields": {"content_type": ["materials", "slide"], "label": "Welcome to the Digital Stewards training!", "action": "wagtail.create", "data_json": "\"\"", "timestamp": "2022-01-11T00:57:43.835Z", "uuid": "b95d4d43-ae03-425d-be6a-5ffad57441a3", "user": ["user_one"], "content_changed": true, "deleted": false, "page": 7, "revision": null}}, {"model": "wagtailcore.pagelogentry", "pk": 7, "fields": {"content_type": ["materials", "slide"], "label": "An Introduction to Digital Stewardship and EII", "action": "wagtail.create", "data_json": "\"\"", "timestamp": "2022-01-11T01:00:19.451Z", "uuid": "0a1f9750-f1ee-4e24-92ab-956eab8054b1", "user": ["user_one"], "content_changed": true, "deleted": false, "page": 8, "revision": null}}, {"model": "wagtailcore.pagelogentry", "pk": 8, "fields": {"content_type": ["materials", "slide"], "label": "Milestone Survey", "action": "wagtail.create", "data_json": "\"\"", "timestamp": "2022-01-11T01:03:11.791Z", "uuid": "26692267-b036-4a67-a2db-b6fc0d248bcc", "user": ["user_one"], "content_changed": true, "deleted": false, "page": 9, "revision": null}}, {"model": "wagtailcore.pagelogentry", "pk": 9, "fields": {"content_type": ["materials", "slide"], "label": "Milestone Survey", "action": "wagtail.edit", "data_json": "\"\"", "timestamp": "2022-01-11T01:05:06.917Z", "uuid": "19a6e5f6-e965-477e-b1cf-091689e28fe0", "user": ["user_one"], "content_changed": true, "deleted": false, "page": 9, "revision": 9}}, {"model": "wagtailcore.pagelogentry", "pk": 10, "fields": {"content_type": ["materials", "slide"], "label": "4 Square Activity", "action": "wagtail.create", "data_json": "\"\"", "timestamp": "2022-01-11T01:16:08.390Z", "uuid": "add4a1e8-579d-4410-a0e4-54a98e1731a6", "user": ["user_one"], "content_changed": true, "deleted": false, "page": 10, "revision": null}}, {"model": "wagtailcore.pagelogentry", "pk": 11, "fields": {"content_type": ["materials", "slide"], "label": "Welcome to the Digital Stewards training!", "action": "wagtail.publish", "data_json": "null", "timestamp": "2022-01-11T01:17:57.886Z", "uuid": "4f3dc1f2-a7af-420a-8ef4-5d7ecf7eac4c", "user": ["user_one"], "content_changed": true, "deleted": false, "page": 7, "revision": 11}}, {"model": "wagtailcore.pagelogentry", "pk": 12, "fields": {"content_type": ["materials", "slide"], "label": "An Introduction to Digital Stewardship and EII", "action": "wagtail.publish", "data_json": "null", "timestamp": "2022-01-11T01:17:57.921Z", "uuid": "4f3dc1f2-a7af-420a-8ef4-5d7ecf7eac4c", "user": ["user_one"], "content_changed": true, "deleted": false, "page": 8, "revision": 12}}, {"model": "wagtailcore.pagelogentry", "pk": 13, "fields": {"content_type": ["materials", "slide"], "label": "Milestone Survey", "action": "wagtail.publish", "data_json": "null", "timestamp": "2022-01-11T01:17:57.954Z", "uuid": "4f3dc1f2-a7af-420a-8ef4-5d7ecf7eac4c", "user": ["user_one"], "content_changed": true, "deleted": false, "page": 9, "revision": 13}}, {"model": "wagtailcore.pagelogentry", "pk": 14, "fields": {"content_type": ["materials", "slide"], "label": "4 Square Activity", "action": "wagtail.publish", "data_json": "null", "timestamp": "2022-01-11T01:17:57.988Z", "uuid": "4f3dc1f2-a7af-420a-8ef4-5d7ecf7eac4c", "user": ["user_one"], "content_changed": true, "deleted": false, "page": 10, "revision": 14}}, {"model": "wagtailcore.pagelogentry", "pk": 15, "fields": {"content_type": ["materials", "textbook"], "label": "Digital Stewards Training", "action": "wagtail.publish", "data_json": "null", "timestamp": "2022-01-11T01:18:11.351Z", "uuid": "fa0c8de2-90fd-437a-9157-3df17f82763b", "user": ["user_one"], "content_changed": true, "deleted": false, "page": 4, "revision": 15}}, {"model": "wagtailcore.pagelogentry", "pk": 16, "fields": {"content_type": ["materials", "lesson"], "label": "Welcome and Orientation", "action": "wagtail.publish", "data_json": "null", "timestamp": "2022-01-11T01:18:24.353Z", "uuid": "591ee6fa-4fa2-4be7-85c9-bc64f12da8b8", "user": ["user_one"], "content_changed": true, "deleted": false, "page": 5, "revision": 16}}, {"model": "wagtailcore.pagelogentry", "pk": 17, "fields": {"content_type": ["materials", "section"], "label": "Welcome to the Digital Stewards training!", "action": "wagtail.publish", "data_json": "null", "timestamp": "2022-01-11T01:18:24.391Z", "uuid": "591ee6fa-4fa2-4be7-85c9-bc64f12da8b8", "user": ["user_one"], "content_changed": true, "deleted": false, "page": 6, "revision": 17}}, {"model": "wagtailcore.pagelogentry", "pk": 18, "fields": {"content_type": ["materials", "section"], "label": "Welcome to the Digital Stewards training!", "action": "wagtail.edit", "data_json": "\"\"", "timestamp": "2022-01-11T01:18:46.246Z", "uuid": "069fd33a-5a2a-4d6f-a707-3a0da67db890", "user": ["user_one"], "content_changed": true, "deleted": false, "page": 6, "revision": 18}}, {"model": "wagtailcore.pagelogentry", "pk": 19, "fields": {"content_type": ["materials", "section"], "label": "Welcome to the Digital Stewards training!", "action": "wagtail.edit", "data_json": "\"\"", "timestamp": "2022-01-11T01:18:50.126Z", "uuid": "6ba30426-e759-446d-abf7-5064f5a30e79", "user": ["user_one"], "content_changed": true, "deleted": false, "page": 6, "revision": 19}}, {"model": "wagtailcore.pagelogentry", "pk": 20, "fields": {"content_type": ["materials", "section"], "label": "Welcome to the Digital Stewards training!", "action": "wagtail.publish", "data_json": "null", "timestamp": "2022-01-11T01:18:50.155Z", "uuid": "6ba30426-e759-446d-abf7-5064f5a30e79", "user": ["user_one"], "content_changed": false, "deleted": false, "page": 6, "revision": 19}}, {"model": "wagtailcore.groupapprovaltask", "pk": 1, "fields": {"groups": [["Moderators"]]}}, {"model": "wagtailcore.grouppagepermission", "pk": 1, "fields": {"group": ["Moderators"], "page": 1, "permission_type": "add"}}, {"model": "wagtailcore.grouppagepermission", "pk": 2, "fields": {"group": ["Moderators"], "page": 1, "permission_type": "edit"}}, {"model": "wagtailcore.grouppagepermission", "pk": 3, "fields": {"group": ["Moderators"], "page": 1, "permission_type": "publish"}}, {"model": "wagtailcore.grouppagepermission", "pk": 4, "fields": {"group": ["Editors"], "page": 1, "permission_type": "add"}}, {"model": "wagtailcore.grouppagepermission", "pk": 5, "fields": {"group": ["Editors"], "page": 1, "permission_type": "edit"}}, {"model": "wagtailcore.grouppagepermission", "pk": 6, "fields": {"group": ["Moderators"], "page": 1, "permission_type": "lock"}}, {"model": "wagtailcore.grouppagepermission", "pk": 7, "fields": {"group": ["Moderators"], "page": 1, "permission_type": "unlock"}}, {"model": "wagtailcore.pagerevision", "pk": 1, "fields": {"page": 4, "submitted_for_moderation": false, "created_at": "2022-01-11T00:40:28.020Z", "user": ["user_one"], "content_json": "{\"pk\": 4, \"path\": \"000100010001\", \"depth\": 3, \"numchild\": 0, \"translation_key\": \"427da1fe-c416-4b6f-871c-1898bd02364e\", \"locale\": 1, \"title\": \"Digital Stewards Training\", \"draft_title\": \"Digital Stewards Training\", \"slug\": \"digital-stewards-training\", \"content_type\": 15, \"live\": false, \"has_unpublished_changes\": false, \"url_path\": \"/home/digital-stewards-training/\", \"owner\": 1, \"seo_title\": \"\", \"show_in_menus\": false, \"search_description\": \"\", \"go_live_at\": null, \"expire_at\": null, \"expired\": false, \"locked\": false, \"locked_at\": null, \"locked_by\": null, \"first_published_at\": null, \"last_published_at\": null, \"latest_revision_created_at\": null, \"live_revision\": null, \"alias_of\": null, \"wagtail_admin_comments\": []}", "approved_go_live_at": null}}, {"model": "wagtailcore.pagerevision", "pk": 2, "fields": {"page": 5, "submitted_for_moderation": false, "created_at": "2022-01-11T00:46:30.697Z", "user": ["user_one"], "content_json": "{\"pk\": 5, \"path\": \"0001000100010001\", \"depth\": 4, \"numchild\": 0, \"translation_key\": \"709bef53-48e1-4f93-b7bf-7cb6791634b3\", \"locale\": 1, \"title\": \"Welcome and Orientation\", \"draft_title\": \"Welcome and Orientation\", \"slug\": \"welcome-and-orientation\", \"content_type\": 11, \"live\": false, \"has_unpublished_changes\": false, \"url_path\": \"/home/digital-stewards-training/welcome-and-orientation/\", \"owner\": 1, \"seo_title\": \"\", \"show_in_menus\": false, \"search_description\": \"\", \"go_live_at\": null, \"expire_at\": null, \"expired\": false, \"locked\": false, \"locked_at\": null, \"locked_by\": null, \"first_published_at\": null, \"last_published_at\": null, \"latest_revision_created_at\": null, \"live_revision\": null, \"alias_of\": null, \"description\": \"Welcome to the Digital Stewards course! This orientation will introduce you to community technology, digital stewardship basics, and what you'll be learning in the course.\", \"wagtail_admin_comments\": []}", "approved_go_live_at": null}}, {"model": "wagtailcore.pagerevision", "pk": 3, "fields": {"page": 6, "submitted_for_moderation": false, "created_at": "2022-01-11T00:51:04.394Z", "user": ["user_one"], "content_json": "{\"pk\": 6, \"path\": \"00010001000100010001\", \"depth\": 5, \"numchild\": 0, \"translation_key\": \"ae5914b5-d657-4620-890f-77c2d2ccc94d\", \"locale\": 1, \"title\": \"Welcome to the Digital Stewards training!\", \"draft_title\": \"Welcome to the Digital Stewards training!\", \"slug\": \"welcome-to-the-digital-stewards-training\", \"content_type\": 13, \"live\": false, \"has_unpublished_changes\": false, \"url_path\": \"/home/digital-stewards-training/welcome-and-orientation/welcome-to-the-digital-stewards-training/\", \"owner\": 1, \"seo_title\": \"\", \"show_in_menus\": false, \"search_description\": \"\", \"go_live_at\": null, \"expire_at\": null, \"expired\": false, \"locked\": false, \"locked_at\": null, \"locked_by\": null, \"first_published_at\": null, \"last_published_at\": null, \"latest_revision_created_at\": null, \"live_revision\": null, \"alias_of\": null, \"time_to_complete\": null, \"wagtail_admin_comments\": []}", "approved_go_live_at": null}}, {"model": "wagtailcore.pagerevision", "pk": 4, "fields": {"page": 6, "submitted_for_moderation": false, "created_at": "2022-01-11T00:51:15.272Z", "user": ["user_one"], "content_json": "{\"pk\": 6, \"path\": \"00010001000100010001\", \"depth\": 5, \"numchild\": 0, \"translation_key\": \"ae5914b5-d657-4620-890f-77c2d2ccc94d\", \"locale\": 1, \"title\": \"Welcome to the Digital Stewards training!\", \"draft_title\": \"Welcome to the Digital Stewards training!\", \"slug\": \"welcome-to-the-digital-stewards-training\", \"content_type\": 13, \"live\": false, \"has_unpublished_changes\": true, \"url_path\": \"/home/digital-stewards-training/welcome-and-orientation/welcome-to-the-digital-stewards-training/\", \"owner\": 1, \"seo_title\": \"\", \"show_in_menus\": false, \"search_description\": \"\", \"go_live_at\": null, \"expire_at\": null, \"expired\": false, \"locked\": false, \"locked_at\": null, \"locked_by\": null, \"first_published_at\": null, \"last_published_at\": null, \"latest_revision_created_at\": \"2022-01-11T00:51:04.394Z\", \"live_revision\": null, \"alias_of\": null, \"time_to_complete\": 2, \"wagtail_admin_comments\": []}", "approved_go_live_at": null}}, {"model": "wagtailcore.pagerevision", "pk": 5, "fields": {"page": 6, "submitted_for_moderation": false, "created_at": "2022-01-11T00:52:56.936Z", "user": ["user_one"], "content_json": "{\"pk\": 6, \"path\": \"00010001000100010001\", \"depth\": 5, \"numchild\": 0, \"translation_key\": \"ae5914b5-d657-4620-890f-77c2d2ccc94d\", \"locale\": 1, \"title\": \"Community technology and our principles\", \"draft_title\": \"Welcome to the Digital Stewards training!\", \"slug\": \"community-technology-and-our-principles\", \"content_type\": 13, \"live\": false, \"has_unpublished_changes\": true, \"url_path\": \"/home/digital-stewards-training/welcome-and-orientation/welcome-to-the-digital-stewards-training/\", \"owner\": 1, \"seo_title\": \"\", \"show_in_menus\": false, \"search_description\": \"\", \"go_live_at\": null, \"expire_at\": null, \"expired\": false, \"locked\": false, \"locked_at\": null, \"locked_by\": null, \"first_published_at\": null, \"last_published_at\": null, \"latest_revision_created_at\": \"2022-01-11T00:51:15.272Z\", \"live_revision\": null, \"alias_of\": null, \"time_to_complete\": 15, \"wagtail_admin_comments\": []}", "approved_go_live_at": null}}, {"model": "wagtailcore.pagerevision", "pk": 6, "fields": {"page": 7, "submitted_for_moderation": false, "created_at": "2022-01-11T00:57:43.845Z", "user": ["user_one"], "content_json": "{\"pk\": 7, \"path\": \"000100010001000100010001\", \"depth\": 6, \"numchild\": 0, \"translation_key\": \"68ecfc7a-7d05-4b32-b06e-c1336b668673\", \"locale\": 1, \"title\": \"Welcome to the Digital Stewards training!\", \"draft_title\": \"Welcome to the Digital Stewards training!\", \"slug\": \"welcome-to-the-digital-stewards-training\", \"content_type\": 14, \"live\": false, \"has_unpublished_changes\": false, \"url_path\": \"/home/digital-stewards-training/welcome-and-orientation/welcome-to-the-digital-stewards-training/welcome-to-the-digital-stewards-training/\", \"owner\": 1, \"seo_title\": \"\", \"show_in_menus\": false, \"search_description\": \"\", \"go_live_at\": null, \"expire_at\": null, \"expired\": false, \"locked\": false, \"locked_at\": null, \"locked_by\": null, \"first_published_at\": null, \"last_published_at\": null, \"latest_revision_created_at\": null, \"live_revision\": null, \"alias_of\": null, \"body\": \"<h2 data-block-key=\\\"upfh0\\\">What you&#x27;ll learn in this lesson:</h2><ol><li data-block-key=\\\"5l1m1\\\">What the Equitable Internet Initiative is</li><li data-block-key=\\\"7n1ej\\\">Who are the digital stewards and what is community technology</li><li data-block-key=\\\"3bdj2\\\">The principles we work under</li></ol><p data-block-key=\\\"6v5mb\\\"></p><h2 data-block-key=\\\"5ubns\\\">Skills you&#x27;ll gain:</h2><ol><li data-block-key=\\\"17ooc\\\">The language to articulate what a community wireless network </li><li data-block-key=\\\"1lo2e\\\">Learners will be able to share their vision of community technology when promoting wireless networks. </li></ol>\", \"wagtail_admin_comments\": []}", "approved_go_live_at": null}}, {"model": "wagtailcore.pagerevision", "pk": 7, "fields": {"page": 8, "submitted_for_moderation": false, "created_at": "2022-01-11T01:00:19.461Z", "user": ["user_one"], "content_json": "{\"pk\": 8, \"path\": \"000100010001000100010002\", \"depth\": 6, \"numchild\": 0, \"translation_key\": \"647c0df0-7698-4794-a1c7-aca25cc5d7a0\", \"locale\": 1, \"title\": \"An Introduction to Digital Stewardship and EII\", \"draft_title\": \"An Introduction to Digital Stewardship and EII\", \"slug\": \"an-introduction-to-digital-stewardship-and-eii\", \"content_type\": 14, \"live\": false, \"has_unpublished_changes\": false, \"url_path\": \"/home/digital-stewards-training/welcome-and-orientation/welcome-to-the-digital-stewards-training/an-introduction-to-digital-stewardship-and-eii/\", \"owner\": 1, \"seo_title\": \"\", \"show_in_menus\": false, \"search_description\": \"\", \"go_live_at\": null, \"expire_at\": null, \"expired\": false, \"locked\": false, \"locked_at\": null, \"locked_by\": null, \"first_published_at\": null, \"last_published_at\": null, \"latest_revision_created_at\": null, \"live_revision\": null, \"alias_of\": null, \"body\": \"<p data-block-key=\\\"omiw8\\\">There will be a video on this slide, and a description of it.</p>\", \"wagtail_admin_comments\": []}", "approved_go_live_at": null}}, {"model": "wagtailcore.pagerevision", "pk": 8, "fields": {"page": 9, "submitted_for_moderation": false, "created_at": "2022-01-11T01:03:11.799Z", "user": ["user_one"], "content_json": "{\"pk\": 9, \"path\": \"000100010001000100010003\", \"depth\": 6, \"numchild\": 0, \"translation_key\": \"9e909f1b-79a3-4765-868c-6517e1eac07a\", \"locale\": 1, \"title\": \"Milestone Survey\", \"draft_title\": \"Milestone Survey\", \"slug\": \"milestone-survey\", \"content_type\": 14, \"live\": false, \"has_unpublished_changes\": false, \"url_path\": \"/home/digital-stewards-training/welcome-and-orientation/welcome-to-the-digital-stewards-training/milestone-survey/\", \"owner\": 1, \"seo_title\": \"\", \"show_in_menus\": false, \"search_description\": \"\", \"go_live_at\": null, \"expire_at\": null, \"expired\": false, \"locked\": false, \"locked_at\": null, \"locked_by\": null, \"first_published_at\": null, \"last_published_at\": null, \"latest_revision_created_at\": null, \"live_revision\": null, \"alias_of\": null, \"body\": \"<p data-block-key=\\\"nxagb\\\">This is a set of questions about your current skills in wireless engineering and technology. We will answer these questions again at the end of the class to see how much we\\u2019ve learned. There are no right or wrong answers, and your answers won\\u2019t be shared with other students.</p><p data-block-key=\\\"3mhdc\\\"></p><p data-block-key=\\\"eirhq\\\">Take the survey! </p><p data-block-key=\\\"7p63q\\\"><a href=\\\"https://forms.gle/dD2geDjydLosgBdM9\\\">https://forms.gle/dD2geDjydLosgBdM9 </a></p>\", \"wagtail_admin_comments\": []}", "approved_go_live_at": null}}, {"model": "wagtailcore.pagerevision", "pk": 9, "fields": {"page": 9, "submitted_for_moderation": false, "created_at": "2022-01-11T01:05:06.907Z", "user": ["user_one"], "content_json": "{\"pk\": 9, \"path\": \"000100010001000100010003\", \"depth\": 6, \"numchild\": 0, \"translation_key\": \"9e909f1b-79a3-4765-868c-6517e1eac07a\", \"locale\": 1, \"title\": \"Milestone Survey\", \"draft_title\": \"Milestone Survey\", \"slug\": \"milestone-survey\", \"content_type\": 14, \"live\": false, \"has_unpublished_changes\": true, \"url_path\": \"/home/digital-stewards-training/welcome-and-orientation/welcome-to-the-digital-stewards-training/milestone-survey/\", \"owner\": 1, \"seo_title\": \"\", \"show_in_menus\": false, \"search_description\": \"\", \"go_live_at\": null, \"expire_at\": null, \"expired\": false, \"locked\": false, \"locked_at\": null, \"locked_by\": null, \"first_published_at\": null, \"last_published_at\": null, \"latest_revision_created_at\": \"2022-01-11T01:03:11.799Z\", \"live_revision\": null, \"alias_of\": null, \"body\": \"<p data-block-key=\\\"nxagb\\\">This is a set of questions about your current skills in wireless engineering and technology. We will answer these questions again at the end of the class to see how much we\\u2019ve learned. There are no right or wrong answers, and your answers won\\u2019t be shared with other students.</p><p data-block-key=\\\"3mhdc\\\"></p><p data-block-key=\\\"eirhq\\\">Take the survey!</p><p data-block-key=\\\"7p63q\\\"><a href=\\\"https://forms.gle/dD2geDjydLosgBdM9\\\">https://forms.gle/dD2geDjydLosgBdM9</a></p>\", \"wagtail_admin_comments\": []}", "approved_go_live_at": null}}, {"model": "wagtailcore.pagerevision", "pk": 10, "fields": {"page": 10, "submitted_for_moderation": false, "created_at": "2022-01-11T01:16:08.399Z", "user": ["user_one"], "content_json": "{\"pk\": 10, \"path\": \"000100010001000100010004\", \"depth\": 6, \"numchild\": 0, \"translation_key\": \"f3fcb4ee-019f-478f-ba6e-ba836c4bb375\", \"locale\": 1, \"title\": \"4 Square Activity\", \"draft_title\": \"4 Square Activity\", \"slug\": \"4-square-activity\", \"content_type\": 14, \"live\": false, \"has_unpublished_changes\": false, \"url_path\": \"/home/digital-stewards-training/welcome-and-orientation/welcome-to-the-digital-stewards-training/4-square-activity/\", \"owner\": 1, \"seo_title\": \"\", \"show_in_menus\": false, \"search_description\": \"\", \"go_live_at\": null, \"expire_at\": null, \"expired\": false, \"locked\": false, \"locked_at\": null, \"locked_by\": null, \"first_published_at\": null, \"last_published_at\": null, \"latest_revision_created_at\": null, \"live_revision\": null, \"alias_of\": null, \"body\": \"<p data-block-key=\\\"dbeg0\\\">(description of the activity here)</p><p data-block-key=\\\"5716n\\\"></p><p data-block-key=\\\"dn0fi\\\">Create a new post in the forum, and share your answers for this activity. You may download and fill out this PDF, or just list your answers in the forum directly.</p><ol><li data-block-key=\\\"9pb8d\\\">Write the principle of your choosing, then label the box accordingly. </li><li data-block-key=\\\"9eb2i\\\">Write out how you can practice this principle in each of the context, self, class, neighborhood, and city. </li></ol>\", \"wagtail_admin_comments\": []}", "approved_go_live_at": null}}, {"model": "wagtailcore.pagerevision", "pk": 11, "fields": {"page": 7, "submitted_for_moderation": false, "created_at": "2022-01-11T01:17:57.854Z", "user": ["user_one"], "content_json": "{\"pk\": 7, \"path\": \"000100010001000100010001\", \"depth\": 6, \"numchild\": 0, \"translation_key\": \"68ecfc7a-7d05-4b32-b06e-c1336b668673\", \"locale\": 1, \"title\": \"Welcome to the Digital Stewards training!\", \"draft_title\": \"Welcome to the Digital Stewards training!\", \"slug\": \"welcome-to-the-digital-stewards-training\", \"content_type\": 14, \"live\": false, \"has_unpublished_changes\": true, \"url_path\": \"/home/digital-stewards-training/welcome-and-orientation/welcome-to-the-digital-stewards-training/welcome-to-the-digital-stewards-training/\", \"owner\": 1, \"seo_title\": \"\", \"show_in_menus\": false, \"search_description\": \"\", \"go_live_at\": null, \"expire_at\": null, \"expired\": false, \"locked\": false, \"locked_at\": null, \"locked_by\": null, \"first_published_at\": null, \"last_published_at\": null, \"latest_revision_created_at\": \"2022-01-11T00:57:43.845Z\", \"live_revision\": null, \"alias_of\": null, \"body\": \"<h2 data-block-key=\\\"upfh0\\\">What you&#x27;ll learn in this lesson:</h2><ol><li data-block-key=\\\"5l1m1\\\">What the Equitable Internet Initiative is</li><li data-block-key=\\\"7n1ej\\\">Who are the digital stewards and what is community technology</li><li data-block-key=\\\"3bdj2\\\">The principles we work under</li></ol><p data-block-key=\\\"6v5mb\\\"></p><h2 data-block-key=\\\"5ubns\\\">Skills you&#x27;ll gain:</h2><ol><li data-block-key=\\\"17ooc\\\">The language to articulate what a community wireless network </li><li data-block-key=\\\"1lo2e\\\">Learners will be able to share their vision of community technology when promoting wireless networks. </li></ol>\", \"wagtail_admin_comments\": []}", "approved_go_live_at": null}}, {"model": "wagtailcore.pagerevision", "pk": 12, "fields": {"page": 8, "submitted_for_moderation": false, "created_at": "2022-01-11T01:17:57.895Z", "user": ["user_one"], "content_json": "{\"pk\": 8, \"path\": \"000100010001000100010002\", \"depth\": 6, \"numchild\": 0, \"translation_key\": \"647c0df0-7698-4794-a1c7-aca25cc5d7a0\", \"locale\": 1, \"title\": \"An Introduction to Digital Stewardship and EII\", \"draft_title\": \"An Introduction to Digital Stewardship and EII\", \"slug\": \"an-introduction-to-digital-stewardship-and-eii\", \"content_type\": 14, \"live\": false, \"has_unpublished_changes\": true, \"url_path\": \"/home/digital-stewards-training/welcome-and-orientation/welcome-to-the-digital-stewards-training/an-introduction-to-digital-stewardship-and-eii/\", \"owner\": 1, \"seo_title\": \"\", \"show_in_menus\": false, \"search_description\": \"\", \"go_live_at\": null, \"expire_at\": null, \"expired\": false, \"locked\": false, \"locked_at\": null, \"locked_by\": null, \"first_published_at\": null, \"last_published_at\": null, \"latest_revision_created_at\": \"2022-01-11T01:00:19.461Z\", \"live_revision\": null, \"alias_of\": null, \"body\": \"<p data-block-key=\\\"omiw8\\\">There will be a video on this slide, and a description of it.</p>\", \"wagtail_admin_comments\": []}", "approved_go_live_at": null}}, {"model": "wagtailcore.pagerevision", "pk": 13, "fields": {"page": 9, "submitted_for_moderation": false, "created_at": "2022-01-11T01:17:57.929Z", "user": ["user_one"], "content_json": "{\"pk\": 9, \"path\": \"000100010001000100010003\", \"depth\": 6, \"numchild\": 0, \"translation_key\": \"9e909f1b-79a3-4765-868c-6517e1eac07a\", \"locale\": 1, \"title\": \"Milestone Survey\", \"draft_title\": \"Milestone Survey\", \"slug\": \"milestone-survey\", \"content_type\": 14, \"live\": false, \"has_unpublished_changes\": true, \"url_path\": \"/home/digital-stewards-training/welcome-and-orientation/welcome-to-the-digital-stewards-training/milestone-survey/\", \"owner\": 1, \"seo_title\": \"\", \"show_in_menus\": false, \"search_description\": \"\", \"go_live_at\": null, \"expire_at\": null, \"expired\": false, \"locked\": false, \"locked_at\": null, \"locked_by\": null, \"first_published_at\": null, \"last_published_at\": null, \"latest_revision_created_at\": \"2022-01-11T01:05:06.907Z\", \"live_revision\": null, \"alias_of\": null, \"body\": \"<p data-block-key=\\\"nxagb\\\">This is a set of questions about your current skills in wireless engineering and technology. We will answer these questions again at the end of the class to see how much we\\u2019ve learned. There are no right or wrong answers, and your answers won\\u2019t be shared with other students.</p><p data-block-key=\\\"3mhdc\\\"></p><p data-block-key=\\\"eirhq\\\">Take the survey! </p><p data-block-key=\\\"7p63q\\\"><a href=\\\"https://forms.gle/dD2geDjydLosgBdM9\\\">https://forms.gle/dD2geDjydLosgBdM9 </a></p>\", \"wagtail_admin_comments\": []}", "approved_go_live_at": null}}, {"model": "wagtailcore.pagerevision", "pk": 14, "fields": {"page": 10, "submitted_for_moderation": false, "created_at": "2022-01-11T01:17:57.962Z", "user": ["user_one"], "content_json": "{\"pk\": 10, \"path\": \"000100010001000100010004\", \"depth\": 6, \"numchild\": 0, \"translation_key\": \"f3fcb4ee-019f-478f-ba6e-ba836c4bb375\", \"locale\": 1, \"title\": \"4 Square Activity\", \"draft_title\": \"4 Square Activity\", \"slug\": \"4-square-activity\", \"content_type\": 14, \"live\": false, \"has_unpublished_changes\": true, \"url_path\": \"/home/digital-stewards-training/welcome-and-orientation/welcome-to-the-digital-stewards-training/4-square-activity/\", \"owner\": 1, \"seo_title\": \"\", \"show_in_menus\": false, \"search_description\": \"\", \"go_live_at\": null, \"expire_at\": null, \"expired\": false, \"locked\": false, \"locked_at\": null, \"locked_by\": null, \"first_published_at\": null, \"last_published_at\": null, \"latest_revision_created_at\": \"2022-01-11T01:16:08.399Z\", \"live_revision\": null, \"alias_of\": null, \"body\": \"<p data-block-key=\\\"dbeg0\\\">(description of the activity here)</p><p data-block-key=\\\"5716n\\\"></p><p data-block-key=\\\"dn0fi\\\">Create a new post in the forum, and share your answers for this activity. You may download and fill out this PDF, or just list your answers in the forum directly.</p><ol><li data-block-key=\\\"9pb8d\\\">Write the principle of your choosing, then label the box accordingly. </li><li data-block-key=\\\"9eb2i\\\">Write out how you can practice this principle in each of the context, self, class, neighborhood, and city. </li></ol>\", \"wagtail_admin_comments\": []}", "approved_go_live_at": null}}, {"model": "wagtailcore.pagerevision", "pk": 15, "fields": {"page": 4, "submitted_for_moderation": false, "created_at": "2022-01-11T01:18:11.321Z", "user": ["user_one"], "content_json": "{\"pk\": 4, \"path\": \"000100010001\", \"depth\": 3, \"numchild\": 1, \"translation_key\": \"427da1fe-c416-4b6f-871c-1898bd02364e\", \"locale\": 1, \"title\": \"Digital Stewards Training\", \"draft_title\": \"Digital Stewards Training\", \"slug\": \"digital-stewards-training\", \"content_type\": 15, \"live\": false, \"has_unpublished_changes\": true, \"url_path\": \"/home/digital-stewards-training/\", \"owner\": 1, \"seo_title\": \"\", \"show_in_menus\": false, \"search_description\": \"\", \"go_live_at\": null, \"expire_at\": null, \"expired\": false, \"locked\": false, \"locked_at\": null, \"locked_by\": null, \"first_published_at\": null, \"last_published_at\": null, \"latest_revision_created_at\": \"2022-01-11T00:40:28.020Z\", \"live_revision\": null, \"alias_of\": null, \"wagtail_admin_comments\": []}", "approved_go_live_at": null}}, {"model": "wagtailcore.pagerevision", "pk": 16, "fields": {"page": 5, "submitted_for_moderation": false, "created_at": "2022-01-11T01:18:24.324Z", "user": ["user_one"], "content_json": "{\"pk\": 5, \"path\": \"0001000100010001\", \"depth\": 4, \"numchild\": 1, \"translation_key\": \"709bef53-48e1-4f93-b7bf-7cb6791634b3\", \"locale\": 1, \"title\": \"Welcome and Orientation\", \"draft_title\": \"Welcome and Orientation\", \"slug\": \"welcome-and-orientation\", \"content_type\": 11, \"live\": false, \"has_unpublished_changes\": true, \"url_path\": \"/home/digital-stewards-training/welcome-and-orientation/\", \"owner\": 1, \"seo_title\": \"\", \"show_in_menus\": false, \"search_description\": \"\", \"go_live_at\": null, \"expire_at\": null, \"expired\": false, \"locked\": false, \"locked_at\": null, \"locked_by\": null, \"first_published_at\": null, \"last_published_at\": null, \"latest_revision_created_at\": \"2022-01-11T00:46:30.697Z\", \"live_revision\": null, \"alias_of\": null, \"description\": \"Welcome to the Digital Stewards course! This orientation will introduce you to community technology, digital stewardship basics, and what you'll be learning in the course.\", \"wagtail_admin_comments\": []}", "approved_go_live_at": null}}, {"model": "wagtailcore.pagerevision", "pk": 17, "fields": {"page": 6, "submitted_for_moderation": false, "created_at": "2022-01-11T01:18:24.364Z", "user": ["user_one"], "content_json": "{\"pk\": 6, \"path\": \"00010001000100010001\", \"depth\": 5, \"numchild\": 4, \"translation_key\": \"ae5914b5-d657-4620-890f-77c2d2ccc94d\", \"locale\": 1, \"title\": \"Welcome to the Digital Stewards training!\", \"draft_title\": \"Community technology and our principles\", \"slug\": \"welcome-to-the-digital-stewards-training\", \"content_type\": 13, \"live\": false, \"has_unpublished_changes\": true, \"url_path\": \"/home/digital-stewards-training/welcome-and-orientation/welcome-to-the-digital-stewards-training/\", \"owner\": 1, \"seo_title\": \"\", \"show_in_menus\": false, \"search_description\": \"\", \"go_live_at\": null, \"expire_at\": null, \"expired\": false, \"locked\": false, \"locked_at\": null, \"locked_by\": null, \"first_published_at\": null, \"last_published_at\": null, \"latest_revision_created_at\": \"2022-01-11T00:52:56.936Z\", \"live_revision\": null, \"alias_of\": null, \"time_to_complete\": null, \"wagtail_admin_comments\": []}", "approved_go_live_at": null}}, {"model": "wagtailcore.pagerevision", "pk": 18, "fields": {"page": 6, "submitted_for_moderation": false, "created_at": "2022-01-11T01:18:46.237Z", "user": ["user_one"], "content_json": "{\"pk\": 6, \"path\": \"00010001000100010001\", \"depth\": 5, \"numchild\": 4, \"translation_key\": \"ae5914b5-d657-4620-890f-77c2d2ccc94d\", \"locale\": 1, \"title\": \"Welcome to the Digital Stewards training!\", \"draft_title\": \"Welcome to the Digital Stewards training!\", \"slug\": \"welcome-to-the-digital-stewards-training\", \"content_type\": 13, \"live\": true, \"has_unpublished_changes\": false, \"url_path\": \"/home/digital-stewards-training/welcome-and-orientation/welcome-to-the-digital-stewards-training/\", \"owner\": 1, \"seo_title\": \"\", \"show_in_menus\": false, \"search_description\": \"\", \"go_live_at\": null, \"expire_at\": null, \"expired\": false, \"locked\": false, \"locked_at\": null, \"locked_by\": null, \"first_published_at\": \"2022-01-11T01:18:24.375Z\", \"last_published_at\": \"2022-01-11T01:18:24.375Z\", \"latest_revision_created_at\": \"2022-01-11T01:18:24.364Z\", \"live_revision\": 17, \"alias_of\": null, \"time_to_complete\": 15, \"wagtail_admin_comments\": []}", "approved_go_live_at": null}}, {"model": "wagtailcore.pagerevision", "pk": 19, "fields": {"page": 6, "submitted_for_moderation": false, "created_at": "2022-01-11T01:18:50.115Z", "user": ["user_one"], "content_json": "{\"pk\": 6, \"path\": \"00010001000100010001\", \"depth\": 5, \"numchild\": 4, \"translation_key\": \"ae5914b5-d657-4620-890f-77c2d2ccc94d\", \"locale\": 1, \"title\": \"Welcome to the Digital Stewards training!\", \"draft_title\": \"Welcome to the Digital Stewards training!\", \"slug\": \"welcome-to-the-digital-stewards-training\", \"content_type\": 13, \"live\": true, \"has_unpublished_changes\": true, \"url_path\": \"/home/digital-stewards-training/welcome-and-orientation/welcome-to-the-digital-stewards-training/\", \"owner\": 1, \"seo_title\": \"\", \"show_in_menus\": false, \"search_description\": \"\", \"go_live_at\": null, \"expire_at\": null, \"expired\": false, \"locked\": false, \"locked_at\": null, \"locked_by\": null, \"first_published_at\": \"2022-01-11T01:18:24.375Z\", \"last_published_at\": \"2022-01-11T01:18:24.375Z\", \"latest_revision_created_at\": \"2022-01-11T01:18:46.237Z\", \"live_revision\": 17, \"alias_of\": null, \"time_to_complete\": 15, \"wagtail_admin_comments\": []}", "approved_go_live_at": null}}, {"model": "wagtailcore.page", "pk": 1, "fields": {"path": "0001", "depth": 1, "numchild": 1, "translation_key": "4fe60bd5-999f-4187-a8d9-cd974e60abcb", "locale": 1, "title": "Root", "draft_title": "Root", "slug": "root", "content_type": ["wagtailcore", "page"], "live": true, "has_unpublished_changes": false, "url_path": "/", "owner": null, "seo_title": "", "show_in_menus": false, "search_description": "", "go_live_at": null, "expire_at": null, "expired": false, "locked": false, "locked_at": null, "locked_by": null, "first_published_at": null, "last_published_at": null, "latest_revision_created_at": null, "live_revision": null, "alias_of": null}}, {"model": "wagtailcore.page", "pk": 3, "fields": {"path": "00010001", "depth": 2, "numchild": 1, "translation_key": "fabcc23c-4b34-43dd-aefc-cf54e40e1050", "locale": 1, "title": "Home", "draft_title": "Home", "slug": "home", "content_type": ["home", "homepage"], "live": true, "has_unpublished_changes": false, "url_path": "/home/", "owner": null, "seo_title": "", "show_in_menus": false, "search_description": "", "go_live_at": null, "expire_at": null, "expired": false, "locked": false, "locked_at": null, "locked_by": null, "first_published_at": null, "last_published_at": null, "latest_revision_created_at": null, "live_revision": null, "alias_of": null}}, {"model": "wagtailcore.page", "pk": 4, "fields": {"path": "000100010001", "depth": 3, "numchild": 1, "translation_key": "427da1fe-c416-4b6f-871c-1898bd02364e", "locale": 1, "title": "Digital Stewards Training", "draft_title": "Digital Stewards Training", "slug": "digital-stewards-training", "content_type": ["materials", "textbook"], "live": true, "has_unpublished_changes": false, "url_path": "/home/digital-stewards-training/", "owner": ["user_one"], "seo_title": "", "show_in_menus": false, "search_description": "", "go_live_at": null, "expire_at": null, "expired": false, "locked": false, "locked_at": null, "locked_by": null, "first_published_at": "2022-01-11T01:18:11.335Z", "last_published_at": "2022-01-11T01:18:11.335Z", "latest_revision_created_at": "2022-01-11T01:18:11.321Z", "live_revision": 15, "alias_of": null}}, {"model": "wagtailcore.page", "pk": 5, "fields": {"path": "0001000100010001", "depth": 4, "numchild": 1, "translation_key": "709bef53-48e1-4f93-b7bf-7cb6791634b3", "locale": 1, "title": "Welcome and Orientation", "draft_title": "Welcome and Orientation", "slug": "welcome-and-orientation", "content_type": ["materials", "lesson"], "live": true, "has_unpublished_changes": false, "url_path": "/home/digital-stewards-training/welcome-and-orientation/", "owner": ["user_one"], "seo_title": "", "show_in_menus": false, "search_description": "", "go_live_at": null, "expire_at": null, "expired": false, "locked": false, "locked_at": null, "locked_by": null, "first_published_at": "2022-01-11T01:18:24.337Z", "last_published_at": "2022-01-11T01:18:24.337Z", "latest_revision_created_at": "2022-01-11T01:18:24.324Z", "live_revision": 16, "alias_of": null}}, {"model": "wagtailcore.page", "pk": 6, "fields": {"path": "00010001000100010001", "depth": 5, "numchild": 4, "translation_key": "ae5914b5-d657-4620-890f-77c2d2ccc94d", "locale": 1, "title": "Welcome to the Digital Stewards training!", "draft_title": "Welcome to the Digital Stewards training!", "slug": "welcome-to-the-digital-stewards-training", "content_type": ["materials", "section"], "live": true, "has_unpublished_changes": false, "url_path": "/home/digital-stewards-training/welcome-and-orientation/welcome-to-the-digital-stewards-training/", "owner": ["user_one"], "seo_title": "", "show_in_menus": false, "search_description": "", "go_live_at": null, "expire_at": null, "expired": false, "locked": false, "locked_at": null, "locked_by": null, "first_published_at": "2022-01-11T01:18:24.375Z", "last_published_at": "2022-01-11T01:18:50.135Z", "latest_revision_created_at": "2022-01-11T01:18:50.115Z", "live_revision": 19, "alias_of": null}}, {"model": "wagtailcore.page", "pk": 7, "fields": {"path": "000100010001000100010001", "depth": 6, "numchild": 0, "translation_key": "68ecfc7a-7d05-4b32-b06e-c1336b668673", "locale": 1, "title": "Welcome to the Digital Stewards training!", "draft_title": "Welcome to the Digital Stewards training!", "slug": "welcome-to-the-digital-stewards-training", "content_type": ["materials", "slide"], "live": true, "has_unpublished_changes": false, "url_path": "/home/digital-stewards-training/welcome-and-orientation/welcome-to-the-digital-stewards-training/welcome-to-the-digital-stewards-training/", "owner": ["user_one"], "seo_title": "", "show_in_menus": false, "search_description": "", "go_live_at": null, "expire_at": null, "expired": false, "locked": false, "locked_at": null, "locked_by": null, "first_published_at": "2022-01-11T01:17:57.868Z", "last_published_at": "2022-01-11T01:17:57.868Z", "latest_revision_created_at": "2022-01-11T01:17:57.854Z", "live_revision": 11, "alias_of": null}}, {"model": "wagtailcore.page", "pk": 8, "fields": {"path": "000100010001000100010002", "depth": 6, "numchild": 0, "translation_key": "647c0df0-7698-4794-a1c7-aca25cc5d7a0", "locale": 1, "title": "An Introduction to Digital Stewardship and EII", "draft_title": "An Introduction to Digital Stewardship and EII", "slug": "an-introduction-to-digital-stewardship-and-eii", "content_type": ["materials", "slide"], "live": true, "has_unpublished_changes": false, "url_path": "/home/digital-stewards-training/welcome-and-orientation/welcome-to-the-digital-stewards-training/an-introduction-to-digital-stewardship-and-eii/", "owner": ["user_one"], "seo_title": "", "show_in_menus": false, "search_description": "", "go_live_at": null, "expire_at": null, "expired": false, "locked": false, "locked_at": null, "locked_by": null, "first_published_at": "2022-01-11T01:17:57.906Z", "last_published_at": "2022-01-11T01:17:57.906Z", "latest_revision_created_at": "2022-01-11T01:17:57.895Z", "live_revision": 12, "alias_of": null}}, {"model": "wagtailcore.page", "pk": 9, "fields": {"path": "000100010001000100010003", "depth": 6, "numchild": 0, "translation_key": "9e909f1b-79a3-4765-868c-6517e1eac07a", "locale": 1, "title": "Milestone Survey", "draft_title": "Milestone Survey", "slug": "milestone-survey", "content_type": ["materials", "slide"], "live": true, "has_unpublished_changes": false, "url_path": "/home/digital-stewards-training/welcome-and-orientation/welcome-to-the-digital-stewards-training/milestone-survey/", "owner": ["user_one"], "seo_title": "", "show_in_menus": false, "search_description": "", "go_live_at": null, "expire_at": null, "expired": false, "locked": false, "locked_at": null, "locked_by": null, "first_published_at": "2022-01-11T01:17:57.939Z", "last_published_at": "2022-01-11T01:17:57.939Z", "latest_revision_created_at": "2022-01-11T01:17:57.929Z", "live_revision": 13, "alias_of": null}}, {"model": "wagtailcore.page", "pk": 10, "fields": {"path": "000100010001000100010004", "depth": 6, "numchild": 0, "translation_key": "f3fcb4ee-019f-478f-ba6e-ba836c4bb375", "locale": 1, "title": "4 Square Activity", "draft_title": "4 Square Activity", "slug": "4-square-activity", "content_type": ["materials", "slide"], "live": true, "has_unpublished_changes": false, "url_path": "/home/digital-stewards-training/welcome-and-orientation/welcome-to-the-digital-stewards-training/4-square-activity/", "owner": ["user_one"], "seo_title": "", "show_in_menus": false, "search_description": "", "go_live_at": null, "expire_at": null, "expired": false, "locked": false, "locked_at": null, "locked_by": null, "first_published_at": "2022-01-11T01:17:57.973Z", "last_published_at": "2022-01-11T01:17:57.973Z", "latest_revision_created_at": "2022-01-11T01:17:57.962Z", "live_revision": 14, "alias_of": null}}, {"model": "wagtailcore.groupcollectionpermission", "pk": 1, "fields": {"group": ["Editors"], "collection": 1, "permission": ["add_document", "wagtaildocs", "document"]}}, {"model": "wagtailcore.groupcollectionpermission", "pk": 2, "fields": {"group": ["Moderators"], "collection": 1, "permission": ["add_document", "wagtaildocs", "document"]}}, {"model": "wagtailcore.groupcollectionpermission", "pk": 3, "fields": {"group": ["Editors"], "collection": 1, "permission": ["change_document", "wagtaildocs", "document"]}}, {"model": "wagtailcore.groupcollectionpermission", "pk": 4, "fields": {"group": ["Moderators"], "collection": 1, "permission": ["change_document", "wagtaildocs", "document"]}}, {"model": "wagtailcore.groupcollectionpermission", "pk": 5, "fields": {"group": ["Editors"], "collection": 1, "permission": ["choose_document", "wagtaildocs", "document"]}}, {"model": "wagtailcore.groupcollectionpermission", "pk": 6, "fields": {"group": ["Moderators"], "collection": 1, "permission": ["choose_document", "wagtaildocs", "document"]}}, {"model": "wagtailcore.groupcollectionpermission", "pk": 7, "fields": {"group": ["Editors"], "collection": 1, "permission": ["add_image", "wagtailimages", "image"]}}, {"model": "wagtailcore.groupcollectionpermission", "pk": 8, "fields": {"group": ["Moderators"], "collection": 1, "permission": ["add_image", "wagtailimages", "image"]}}, {"model": "wagtailcore.groupcollectionpermission", "pk": 9, "fields": {"group": ["Editors"], "collection": 1, "permission": ["change_image", "wagtailimages", "image"]}}, {"model": "wagtailcore.groupcollectionpermission", "pk": 10, "fields": {"group": ["Moderators"], "collection": 1, "permission": ["change_image", "wagtailimages", "image"]}}, {"model": "wagtailcore.groupcollectionpermission", "pk": 11, "fields": {"group": ["Editors"], "collection": 1, "permission": ["choose_image", "wagtailimages", "image"]}}, {"model": "wagtailcore.groupcollectionpermission", "pk": 12, "fields": {"group": ["Moderators"], "collection": 1, "permission": ["choose_image", "wagtailimages", "image"]}}, {"model": "materials.textbook", "pk": 4, "fields": {}}, {"model": "materials.lesson", "pk": 5, "fields": {"description": "Welcome to the Digital Stewards course! This orientation will introduce you to community technology, digital stewardship basics, and what you'll be learning in the course."}}, {"model": "materials.section", "pk": 6, "fields": {"time_to_complete": 15}}, {"model": "materials.slide", "pk": 7, "fields": {"body": "<h2 data-block-key=\"upfh0\">What you&#x27;ll learn in this lesson:</h2><ol><li data-block-key=\"5l1m1\">What the Equitable Internet Initiative is</li><li data-block-key=\"7n1ej\">Who are the digital stewards and what is community technology</li><li data-block-key=\"3bdj2\">The principles we work under</li></ol><p data-block-key=\"6v5mb\"></p><h2 data-block-key=\"5ubns\">Skills you&#x27;ll gain:</h2><ol><li data-block-key=\"17ooc\">The language to articulate what a community wireless network </li><li data-block-key=\"1lo2e\">Learners will be able to share their vision of community technology when promoting wireless networks. </li></ol>"}}, {"model": "materials.slide", "pk": 8, "fields": {"body": "<p data-block-key=\"omiw8\">There will be a video on this slide, and a description of it.</p>"}}, {"model": "materials.slide", "pk": 9, "fields": {"body": "<p data-block-key=\"nxagb\">This is a set of questions about your current skills in wireless engineering and technology. We will answer these questions again at the end of the class to see how much weve learned. There are no right or wrong answers, and your answers wont be shared with other students.</p><p data-block-key=\"3mhdc\"></p><p data-block-key=\"eirhq\">Take the survey! </p><p data-block-key=\"7p63q\"><a href=\"https://forms.gle/dD2geDjydLosgBdM9\">https://forms.gle/dD2geDjydLosgBdM9 </a></p>"}}, {"model": "materials.slide", "pk": 10, "fields": {"body": "<p data-block-key=\"dbeg0\">(description of the activity here)</p><p data-block-key=\"5716n\"></p><p data-block-key=\"dn0fi\">Create a new post in the forum, and share your answers for this activity. You may download and fill out this PDF, or just list your answers in the forum directly.</p><ol><li data-block-key=\"9pb8d\">Write the principle of your choosing, then label the box accordingly. </li><li data-block-key=\"9eb2i\">Write out how you can practice this principle in each of the context, self, class, neighborhood, and city. </li></ol>"}}, {"model": "home.homepage", "pk": 3, "fields": {}}, {"model": "users.profile", "pk": 1, "fields": {"course_runner_complete": false, "user_completed": false, "user": ["user_one"], "profile_picture": "default.png", "role": null, "pronouns": "", "team": null, "buddy": []}}]